CustomerID,Churn
Cust1201,No
Cust1202,No
Cust1203,No
Cust1204,No
Cust1205,Yes
Cust1206,No
Cust1207,No
Cust1208,No
Cust1209,No
Cust1210,No
Cust1211,No
Cust1212,No
Cust1213,Yes
Cust1214,No
Cust1215,No
Cust1216,No
Cust1217,No
Cust1218,No
Cust1219,Yes
Cust1220,No
Cust1221,No
Cust1222,Yes
Cust1223,No
Cust1224,No
Cust1225,No
Cust1226,Yes
Cust1227,No
Cust1228,No
Cust1229,No
Cust1230,No
Cust1231,Yes
Cust1232,No
Cust1233,No
Cust1234,No
Cust1235,Yes
Cust1236,No
Cust1237,Yes
Cust1238,No
Cust1239,No
Cust1240,Yes
Cust1241,No
Cust1242,No
Cust1243,No
Cust1244,No
Cust1245,Yes
Cust1246,No
Cust1247,Yes
Cust1248,No
Cust1249,No
Cust1250,No
Cust1251,No
Cust1252,Yes
Cust1253,No
Cust1254,No
Cust1255,No
Cust1256,No
Cust1257,No
Cust1258,Yes
Cust1259,Yes
Cust1260,No
Cust1261,No
Cust1262,No
Cust1263,No
Cust1264,Yes
Cust1265,No
Cust1266,No
Cust1267,Yes
Cust1268,Yes
Cust1269,Yes
Cust1270,No
Cust1271,No
Cust1272,No
Cust1273,No
Cust1274,No
Cust1275,Yes
Cust1276,No
Cust1277,Yes
Cust1278,Yes
Cust1279,No
Cust1280,No
Cust1281,No
Cust1282,No
Cust1283,Yes
Cust1284,No
Cust1285,No
Cust1286,No
Cust1287,No
Cust1288,No
Cust1289,No
Cust1290,No
Cust1291,Yes
Cust1292,No
Cust1293,Yes
Cust1294,No
Cust1295,No
Cust1296,No
Cust1297,No
Cust1298,No
Cust1299,No
Cust1300,No
Cust1301,No
Cust1302,Yes
Cust1303,No
Cust1304,Yes
Cust1305,No
Cust1306,No
Cust1307,Yes
Cust1308,No
Cust1309,No
Cust1310,No
Cust1311,No
Cust1312,No
Cust1313,No
Cust1314,No
Cust1315,No
Cust1316,No
Cust1317,Yes
Cust1318,Yes
Cust1319,No
Cust1320,Yes
Cust1321,No
Cust1322,No
Cust1323,No
Cust1324,No
Cust1325,No
Cust1326,Yes
Cust1327,Yes
Cust1328,No
Cust1329,No
Cust1330,No
Cust1331,No
Cust1332,No
Cust1333,No
Cust1334,Yes
Cust1335,Yes
Cust1336,No
Cust1337,No
Cust1338,No
Cust1339,No
Cust1340,Yes
Cust1341,Yes
Cust1342,Yes
Cust1343,No
Cust1344,Yes
Cust1345,Yes
Cust1346,No
Cust1347,No
Cust1348,No
Cust1349,No
Cust1350,No
Cust1351,No
Cust1352,No
Cust1353,Yes
Cust1354,Yes
Cust1355,Yes
Cust1356,No
Cust1357,No
Cust1358,No
Cust1359,Yes
Cust1360,No
Cust1361,No
Cust1362,Yes
Cust1363,No
Cust1364,No
Cust1365,No
Cust1366,Yes
Cust1367,No
Cust1368,No
Cust1369,No
Cust1370,No
Cust1371,Yes
Cust1372,Yes
Cust1373,No
Cust1374,Yes
Cust1375,No
Cust1376,No
Cust1377,No
Cust1378,No
Cust1379,No
Cust1380,No
Cust1381,Yes
Cust1382,No
Cust1383,No
Cust1384,No
Cust1385,Yes
Cust1386,No
Cust1387,No
Cust1388,Yes
Cust1389,No
Cust1390,No
Cust1391,No
Cust1392,No
Cust1393,No
Cust1394,No
Cust1395,No
Cust1396,No
Cust1397,Yes
Cust1398,No
Cust1399,No
Cust1400,No
Cust1401,No
Cust1402,Yes
Cust1403,Yes
Cust1404,No
Cust1405,No
Cust1406,No
Cust1407,No
Cust1408,No
Cust1409,No
Cust1410,No
Cust1411,No
Cust1412,No
Cust1413,No
Cust1414,Yes
Cust1415,No
Cust1416,No
Cust1417,No
Cust1418,No
Cust1419,No
Cust1420,Yes
Cust1421,No
Cust1422,No
Cust1423,Yes
Cust1424,No
Cust1425,No
Cust1426,No
Cust1427,No
Cust1428,No
Cust1429,No
Cust1430,No
Cust1431,No
Cust1432,No
Cust1433,No
Cust1434,No
Cust1435,No
Cust1436,No
Cust1437,No
Cust1438,No
Cust1439,Yes
Cust1440,No
Cust1441,No
Cust1442,No
Cust1443,No
Cust1444,No
Cust1445,No
Cust1446,No
Cust1447,Yes
Cust1448,No
Cust1449,No
Cust1450,Yes
Cust1451,No
Cust1452,No
Cust1453,No
Cust1454,Yes
Cust1455,Yes
Cust1456,Yes
Cust1457,Yes
Cust1458,No
Cust1459,No
Cust1460,No
Cust1461,Yes
Cust1462,No
Cust1463,No
Cust1464,No
Cust1465,No
Cust1466,Yes
Cust1467,No
Cust1468,No
Cust1469,No
Cust1470,No
Cust1471,No
Cust1472,Yes
Cust1473,No
Cust1474,Yes
Cust1475,No
Cust1476,No
Cust1477,Yes
Cust1478,Yes
Cust1479,No
Cust1480,No
Cust1481,Yes
Cust1482,No
Cust1483,No
Cust1484,No
Cust1485,Yes
Cust1486,Yes
Cust1487,No
Cust1488,No
Cust1489,No
Cust1490,No
Cust1491,No
Cust1492,No
Cust1493,Yes
Cust1494,No
Cust1495,No
Cust1496,No
Cust1497,No
Cust1498,No
Cust1499,Yes
Cust1500,Yes
Cust1501,Yes
Cust1502,No
Cust1503,No
Cust1504,No
Cust1505,Yes
Cust1506,No
Cust1507,No
Cust1508,Yes
Cust1509,No
Cust1510,Yes
Cust1511,No
Cust1512,No
Cust1513,No
Cust1514,No
Cust1515,Yes
Cust1516,No
Cust1517,Yes
Cust1518,Yes
Cust1519,No
Cust1520,No
Cust1521,Yes
Cust1522,No
Cust1523,No
Cust1524,No
Cust1525,No
Cust1526,Yes
Cust1527,No
Cust1528,Yes
Cust1529,No
Cust1530,Yes
Cust1531,Yes
Cust1532,No
Cust1533,No
Cust1534,No
Cust1535,No
Cust1536,Yes
Cust1537,No
Cust1538,No
Cust1539,No
Cust1540,No
Cust1541,Yes
Cust1542,No
Cust1543,No
Cust1544,No
Cust1545,No
Cust1546,Yes
Cust1547,No
Cust1548,No
Cust1549,No
Cust1550,No
Cust1551,Yes
Cust1552,No
Cust1553,No
Cust1554,No
Cust1555,No
Cust1556,No
Cust1557,No
Cust1558,No
Cust1559,No
Cust1560,Yes
Cust1561,No
Cust1562,No
Cust1563,Yes
Cust1564,No
Cust1565,No
Cust1566,No
Cust1567,No
Cust1568,No
Cust1569,No
Cust1570,Yes
Cust1571,No
Cust1572,No
Cust1573,Yes
Cust1574,Yes
Cust1575,Yes
Cust1576,No
Cust1577,No
Cust1578,No
Cust1579,Yes
Cust1580,No
Cust1581,No
Cust1582,No
Cust1583,No
Cust1584,Yes
Cust1585,No
Cust1586,No
Cust1587,No
Cust1588,Yes
Cust1589,Yes
Cust1590,Yes
Cust1591,No
Cust1592,No
Cust1593,Yes
Cust1594,Yes
Cust1595,No
Cust1596,No
Cust1597,Yes
Cust1598,No
Cust1599,Yes
Cust1600,No
Cust1601,No
Cust1602,No
Cust1603,No
Cust1604,Yes
Cust1605,Yes
Cust1606,No
Cust1607,No
Cust1608,No
Cust1609,No
Cust1610,Yes
Cust1611,No
Cust1612,No
Cust1613,Yes
Cust1614,No
Cust1615,No
Cust1616,No
Cust1617,Yes
Cust1618,No
Cust1619,No
Cust1620,No
Cust1621,No
Cust1622,No
Cust1623,No
Cust1624,Yes
Cust1625,Yes
Cust1626,No
Cust1627,No
Cust1628,No
Cust1629,Yes
Cust1630,Yes
Cust1631,Yes
Cust1632,No
Cust1633,No
Cust1634,No
Cust1635,No
Cust1636,No
Cust1637,No
Cust1638,No
Cust1639,No
Cust1640,No
Cust1641,No
Cust1642,No
Cust1643,Yes
Cust1644,No
Cust1645,No
Cust1646,No
Cust1647,No
Cust1648,No
Cust1649,Yes
Cust1650,Yes
Cust1651,No
Cust1652,No
Cust1653,Yes
Cust1654,No
Cust1655,Yes
Cust1656,No
Cust1657,No
Cust1658,No
Cust1659,No
Cust1660,No
Cust1661,No
Cust1662,Yes
Cust1663,Yes
Cust1664,Yes
Cust1665,Yes
Cust1666,No
Cust1667,No
Cust1668,Yes
Cust1669,No
Cust1670,No
Cust1671,No
Cust1672,No
Cust1673,Yes
Cust1674,No
Cust1675,No
Cust1676,No
Cust1677,Yes
Cust1678,No
Cust1679,No
Cust1680,No
Cust1681,No
Cust1682,No
Cust1683,No
Cust1684,No
Cust1685,Yes
Cust1686,No
Cust1687,No
Cust1688,Yes
Cust1689,No
Cust1690,No
Cust1691,No
Cust1692,No
Cust1693,No
Cust1694,No
Cust1695,No
Cust1696,No
Cust1697,No
Cust1698,No
Cust1699,No
Cust1700,No
Cust1701,No
Cust1702,No
Cust1703,Yes
Cust1704,No
Cust1705,No
Cust1706,No
Cust1707,No
Cust1708,Yes
Cust1709,No
Cust1710,No
Cust1711,Yes
Cust1712,No
Cust1713,No
Cust1714,Yes
Cust1715,No
Cust1716,No
Cust1717,No
Cust1718,No
Cust1719,No
Cust1720,No
Cust1721,Yes
Cust1722,No
Cust1723,Yes
Cust1724,Yes
Cust1725,Yes
Cust1726,Yes
Cust1727,No
Cust1728,No
Cust1729,No
Cust1730,No
Cust1731,No
Cust1732,No
Cust1733,Yes
Cust1734,No
Cust1735,No
Cust1736,No
Cust1737,No
Cust1738,No
Cust1739,No
Cust1740,No
Cust1741,No
Cust1742,No
Cust1743,No
Cust1744,Yes
Cust1745,No
Cust1746,No
Cust1747,No
Cust1748,Yes
Cust1749,No
Cust1750,Yes
Cust1751,Yes
Cust1752,No
Cust1753,No
Cust1754,No
Cust1755,No
Cust1756,No
Cust1757,No
Cust1758,No
Cust1759,No
Cust1760,No
Cust1761,Yes
Cust1762,No
Cust1763,No
Cust1764,No
Cust1765,No
Cust1766,Yes
Cust1767,No
Cust1768,Yes
Cust1769,No
Cust1770,No
Cust1771,No
Cust1772,Yes
Cust1773,No
Cust1774,Yes
Cust1775,No
Cust1776,No
Cust1777,No
Cust1778,Yes
Cust1779,No
Cust1780,No
Cust1781,Yes
Cust1782,Yes
Cust1783,No
Cust1784,No
Cust1785,Yes
Cust1786,No
Cust1787,No
Cust1788,No
Cust1789,No
Cust1790,Yes
Cust1791,Yes
Cust1792,Yes
Cust1793,No
Cust1794,Yes
Cust1795,No
Cust1796,No
Cust1797,Yes
Cust1798,No
Cust1799,No
Cust1800,No
Cust1801,Yes
Cust1802,No
Cust1803,No
Cust1804,No
Cust1805,Yes
Cust1806,Yes
Cust1807,No
Cust1808,No
Cust1809,No
Cust1810,No
Cust1811,No
Cust1812,No
Cust1813,No
Cust1814,No
Cust1815,No
Cust1816,No
Cust1817,Yes
Cust1818,No
Cust1819,Yes
Cust1820,Yes
Cust1821,Yes
Cust1822,Yes
Cust1823,Yes
Cust1824,Yes
Cust1825,No
Cust1826,No
Cust1827,No
Cust1828,No
Cust1829,No
Cust1830,No
Cust1831,No
Cust1832,Yes
Cust1833,No
Cust1834,No
Cust1835,No
Cust1836,No
Cust1837,No
Cust1838,No
Cust1839,No
Cust1840,No
Cust1841,No
Cust1842,No
Cust1843,No
Cust1844,No
Cust1845,No
Cust1846,No
Cust1847,No
Cust1848,Yes
Cust1849,No
Cust1850,Yes
Cust1851,No
Cust1852,No
Cust1853,No
Cust1854,No
Cust1855,No
Cust1856,No
Cust1857,No
Cust1858,No
Cust1859,Yes
Cust1860,No
Cust1861,No
Cust1862,Yes
Cust1863,No
Cust1864,No
Cust1865,No
Cust1866,No
Cust1867,Yes
Cust1868,No
Cust1869,Yes
Cust1870,No
Cust1871,Yes
Cust1872,No
Cust1873,Yes
Cust1874,No
Cust1875,No
Cust1876,No
Cust1877,No
Cust1878,No
Cust1879,No
Cust1880,No
Cust1881,No
Cust1882,No
Cust1883,No
Cust1884,No
Cust1885,No
Cust1886,No
Cust1887,Yes
Cust1888,No
Cust1889,No
Cust1890,No
Cust1891,No
Cust1892,No
Cust1893,Yes
Cust1894,No
Cust1895,No
Cust1896,No
Cust1897,No
Cust1898,No
Cust1899,No
Cust1900,No
Cust1901,No
Cust1902,No
Cust1903,No
Cust1904,No
Cust1905,No
Cust1906,No
Cust1907,No
Cust1908,No
Cust1909,Yes
Cust1910,No
Cust1911,No
Cust1912,Yes
Cust1913,No
Cust1914,Yes
Cust1915,Yes
Cust1916,No
Cust1917,No
Cust1918,No
Cust1919,No
Cust1920,No
Cust1921,No
Cust1922,No
Cust1923,No
Cust1924,No
Cust1925,No
Cust1926,Yes
Cust1927,No
Cust1928,Yes
Cust1929,No
Cust1930,No
Cust1931,No
Cust1932,No
Cust1933,No
Cust1934,No
Cust1935,No
Cust1936,No
Cust1937,Yes
Cust1938,Yes
Cust1939,No
Cust1940,No
Cust1941,Yes
Cust1942,No
Cust1943,No
Cust1944,Yes
Cust1945,No
Cust1946,Yes
Cust1947,No
Cust1948,No
Cust1949,No
Cust1950,No
Cust1951,Yes
Cust1952,Yes
Cust1953,No
Cust1954,No
Cust1955,Yes
Cust1956,No
Cust1957,No
Cust1958,Yes
Cust1959,Yes
Cust1960,No
Cust1961,No
Cust1962,Yes
Cust1963,No
Cust1964,Yes
Cust1965,Yes
Cust1966,No
Cust1967,No
Cust1968,No
Cust1969,No
Cust1970,No
Cust1971,Yes
Cust1972,No
Cust1973,No
Cust1974,Yes
Cust1975,No
Cust1976,No
Cust1977,No
Cust1978,No
Cust1979,No
Cust1980,No
Cust1981,No
Cust1982,No
Cust1983,Yes
Cust1984,No
Cust1985,Yes
Cust1986,No
Cust1987,Yes
Cust1988,No
Cust1989,Yes
Cust1990,No
Cust1991,No
Cust1992,No
Cust1993,No
Cust1994,No
Cust1995,No
Cust1996,Yes
Cust1997,No
Cust1998,No
Cust1999,No
Cust2000,No
Cust2001,No
Cust2002,No
Cust2003,No
Cust2004,No
Cust2005,No
Cust2006,No
Cust2007,Yes
Cust2008,No
Cust2009,Yes
Cust2010,No
Cust2011,No
Cust2012,No
Cust2013,No
Cust2014,No
Cust2015,No
Cust2016,No
Cust2017,Yes
Cust2018,No
Cust2019,No
Cust2020,No
Cust2021,No
Cust2022,No
Cust2023,No
Cust2024,No
Cust2025,No
Cust2026,No
Cust2027,No
Cust2028,No
Cust2029,Yes
Cust2030,Yes
Cust2031,No
Cust2032,No
Cust2033,No
Cust2034,No
Cust2035,No
Cust2036,No
Cust2037,No
Cust2038,Yes
Cust2039,No
Cust2040,No
Cust2041,No
Cust2042,Yes
Cust2043,No
Cust2044,No
Cust2045,No
Cust2046,No
Cust2047,No
Cust2048,No
Cust2049,No
Cust2050,No
Cust2051,No
Cust2052,No
Cust2053,No
Cust2054,No
Cust2055,No
Cust2056,No
Cust2057,No
Cust2058,No
Cust2059,No
Cust2060,No
Cust2061,No
Cust2062,No
Cust2063,No
Cust2064,Yes
Cust2065,No
Cust2066,No
Cust2067,Yes
Cust2068,No
Cust2069,No
Cust2070,No
Cust2071,No
Cust2072,No
Cust2073,No
Cust2074,No
Cust2075,No
Cust2076,No
Cust2077,No
Cust2078,No
Cust2079,No
Cust2080,No
Cust2081,No
Cust2082,No
Cust2083,No
Cust2084,Yes
Cust2085,No
Cust2086,Yes
Cust2087,No
Cust2088,No
Cust2089,No
Cust2090,No
Cust2091,Yes
Cust2092,No
Cust2093,No
Cust2094,No
Cust2095,No
Cust2096,No
Cust2097,No
Cust2098,No
Cust2099,No
Cust2100,No
Cust2101,Yes
Cust2102,Yes
Cust2103,No
Cust2104,No
Cust2105,Yes
Cust2106,No
Cust2107,No
Cust2108,No
Cust2109,No
Cust2110,Yes
Cust2111,Yes
Cust2112,No
Cust2113,No
Cust2114,No
Cust2115,No
Cust2116,Yes
Cust2117,No
Cust2118,No
Cust2119,No
Cust2120,No
Cust2121,No
Cust2122,No
Cust2123,No
Cust2124,Yes
Cust2125,No
Cust2126,No
Cust2127,No
Cust2128,No
Cust2129,Yes
Cust2130,No
Cust2131,Yes
Cust2132,No
Cust2133,No
Cust2134,No
Cust2135,Yes
Cust2136,No
Cust2137,No
Cust2138,No
Cust2139,No
Cust2140,No
Cust2141,No
Cust2142,Yes
Cust2143,No
Cust2144,No
Cust2145,Yes
Cust2146,No
Cust2147,Yes
Cust2148,No
Cust2149,No
Cust2150,Yes
Cust2151,No
Cust2152,No
Cust2153,No
Cust2154,Yes
Cust2155,Yes
Cust2156,No
Cust2157,No
Cust2158,No
Cust2159,No
Cust2160,No
Cust2161,No
Cust2162,No
Cust2163,No
Cust2164,Yes
Cust2165,No
Cust2166,No
Cust2167,Yes
Cust2168,No
Cust2169,No
Cust2170,No
Cust2171,No
Cust2172,No
Cust2173,No
Cust2174,No
Cust2175,No
Cust2176,No
Cust2177,Yes
Cust2178,No
Cust2179,No
Cust2180,Yes
Cust2181,No
Cust2182,No
Cust2183,No
Cust2184,No
Cust2185,No
Cust2186,No
Cust2187,No
Cust2188,No
Cust2189,Yes
Cust2190,No
Cust2191,No
Cust2192,No
Cust2193,Yes
Cust2194,No
Cust2195,No
Cust2196,Yes
Cust2197,No
Cust2198,No
Cust2199,Yes
Cust2200,Yes
Cust2201,No
Cust2202,No
Cust2203,Yes
Cust2204,No
Cust2205,No
Cust2206,No
Cust2207,No
Cust2208,No
Cust2209,No
Cust2210,No
Cust2211,Yes
Cust2212,Yes
Cust2213,Yes
Cust2214,No
Cust2215,No
Cust2216,No
Cust2217,No
Cust2218,No
Cust2219,No
Cust2220,No
Cust2221,No
Cust2222,Yes
Cust2223,No
Cust2224,No
Cust2225,No
Cust2226,No
Cust2227,No
Cust2228,No
Cust2229,Yes
Cust2230,Yes
Cust2231,No
Cust2232,No
Cust2233,No
Cust2234,Yes
Cust2235,No
Cust2236,Yes
Cust2237,No
Cust2238,No
Cust2239,No
Cust2240,No
Cust2241,No
Cust2242,No
Cust2243,No
Cust2244,No
Cust2245,Yes
Cust2246,No
Cust2247,No
Cust2248,No
Cust2249,Yes
Cust2250,No
Cust2251,Yes
Cust2252,No
Cust2253,Yes
Cust2254,No
Cust2255,No
Cust2256,No
Cust2257,No
Cust2258,No
Cust2259,No
Cust2260,Yes
Cust2261,Yes
Cust2262,No
Cust2263,No
Cust2264,No
Cust2265,No
Cust2266,No
Cust2267,Yes
Cust2268,Yes
Cust2269,No
Cust2270,No
Cust2271,Yes
Cust2272,No
Cust2273,No
Cust2274,No
Cust2275,Yes
Cust2276,No
Cust2277,Yes
Cust2278,Yes
Cust2279,Yes
Cust2280,No
Cust2281,No
Cust2282,No
Cust2283,Yes
Cust2284,No
Cust2285,No
Cust2286,No
Cust2287,No
Cust2288,Yes
Cust2289,No
Cust2290,No
Cust2291,Yes
Cust2292,No
Cust2293,Yes
Cust2294,No
Cust2295,No
Cust2296,No
Cust2297,No
Cust2298,Yes
Cust2299,No
Cust2300,No
Cust2301,No
Cust2302,Yes
Cust2303,No
Cust2304,No
Cust2305,No
Cust2306,Yes
Cust2307,Yes
Cust2308,Yes
Cust2309,No
Cust2310,No
Cust2311,Yes
Cust2312,No
Cust2313,No
Cust2314,No
Cust2315,No
Cust2316,No
Cust2317,No
Cust2318,Yes
Cust2319,No
Cust2320,No
Cust2321,No
Cust2322,Yes
Cust2323,No
Cust2324,No
Cust2325,No
Cust2326,No
Cust2327,Yes
Cust2328,No
Cust2329,No
Cust2330,No
Cust2331,No
Cust2332,Yes
Cust2333,No
Cust2334,No
Cust2335,No
Cust2336,No
Cust2337,Yes
Cust2338,Yes
Cust2339,No
Cust2340,No
Cust2341,No
Cust2342,No
Cust2343,No
Cust2344,Yes
Cust2345,Yes
Cust2346,No
Cust2347,No
Cust2348,No
Cust2349,No
Cust2350,No
Cust2351,Yes
Cust2352,No
Cust2353,No
Cust2354,No
Cust2355,No
Cust2356,No
Cust2357,No
Cust2358,No
Cust2359,No
Cust2360,No
Cust2361,No
Cust2362,No
Cust2363,No
Cust2364,No
Cust2365,No
Cust2366,Yes
Cust2367,No
Cust2368,No
Cust2369,Yes
Cust2370,Yes
Cust2371,No
Cust2372,No
Cust2373,No
Cust2374,No
Cust2375,No
Cust2376,No
Cust2377,No
Cust2378,No
Cust2379,No
Cust2380,No
Cust2381,No
Cust2382,Yes
Cust2383,No
Cust2384,No
Cust2385,Yes
Cust2386,No
Cust2387,No
Cust2388,No
Cust2389,Yes
Cust2390,No
Cust2391,No
Cust2392,No
Cust2393,No
Cust2394,No
Cust2395,No
Cust2396,No
Cust2397,No
Cust2398,Yes
Cust2399,Yes
Cust2400,No
Cust2401,No
Cust2402,Yes
Cust2403,Yes
Cust2404,No
Cust2405,No
Cust2406,No
Cust2407,Yes
Cust2408,No
Cust2409,No
Cust2410,Yes
Cust2411,No
Cust2412,Yes
Cust2413,No
Cust2414,No
Cust2415,No
Cust2416,No
Cust2417,No
Cust2418,No
Cust2419,No
Cust2420,No
Cust2421,Yes
Cust2422,No
Cust2423,No
Cust2424,Yes
Cust2425,Yes
Cust2426,Yes
Cust2427,Yes
Cust2428,No
Cust2429,No
Cust2430,No
Cust2431,No
Cust2432,No
Cust2433,No
Cust2434,No
Cust2435,No
Cust2436,Yes
Cust2437,No
Cust2438,No
Cust2439,No
Cust2440,Yes
Cust2441,No
Cust2442,No
Cust2443,Yes
Cust2444,No
Cust2445,No
Cust2446,No
Cust2447,No
Cust2448,Yes
Cust2449,Yes
Cust2450,Yes
Cust2451,No
Cust2452,No
Cust2453,Yes
Cust2454,No
Cust2455,No
Cust2456,No
Cust2457,No
Cust2458,No
Cust2459,Yes
Cust2460,No
Cust2461,Yes
Cust2462,No
Cust2463,Yes
Cust2464,No
Cust2465,No
Cust2466,No
Cust2467,No
Cust2468,Yes
Cust2469,No
Cust2470,Yes
Cust2471,No
Cust2472,No
Cust2473,No
Cust2474,Yes
Cust2475,Yes
Cust2476,No
Cust2477,No
Cust2478,Yes
Cust2479,No
Cust2480,No
Cust2481,No
Cust2482,No
Cust2483,No
Cust2484,Yes
Cust2485,No
Cust2486,No
Cust2487,No
Cust2488,No
Cust2489,No
Cust2490,No
Cust2491,No
Cust2492,No
Cust2493,No
Cust2494,Yes
Cust2495,Yes
Cust2496,No
Cust2497,No
Cust2498,No
Cust2499,No
Cust2500,Yes
Cust2501,No
Cust2502,No
Cust2503,Yes
Cust2504,No
Cust2505,No
Cust2506,No
Cust2507,No
Cust2508,No
Cust2509,No
Cust2510,No
Cust2511,No
Cust2512,Yes
Cust2513,Yes
Cust2514,Yes
Cust2515,No
Cust2516,Yes
Cust2517,No
Cust2518,No
Cust2519,Yes
Cust2520,Yes
Cust2521,No
Cust2522,Yes
Cust2523,No
Cust2524,Yes
Cust2525,Yes
Cust2526,Yes
Cust2527,No
Cust2528,No
Cust2529,Yes
Cust2530,No
Cust2531,No
Cust2532,No
Cust2533,No
Cust2534,Yes
Cust2535,No
Cust2536,Yes
Cust2537,Yes
Cust2538,No
Cust2539,No
Cust2540,Yes
Cust2541,No
Cust2542,No
Cust2543,No
Cust2544,No
Cust2545,No
Cust2546,Yes
Cust2547,No
Cust2548,No
Cust2549,No
Cust2550,No
Cust2551,No
Cust2552,No
Cust2553,No
Cust2554,Yes
Cust2555,Yes
Cust2556,No
Cust2557,No
Cust2558,Yes
Cust2559,Yes
Cust2560,No
Cust2561,No
Cust2562,No
Cust2563,No
Cust2564,No
Cust2565,Yes
Cust2566,No
Cust2567,No
Cust2568,No
Cust2569,No
Cust2570,No
Cust2571,No
Cust2572,No
Cust2573,No
Cust2574,Yes
Cust2575,No
Cust2576,No
Cust2577,No
Cust2578,No
Cust2579,Yes
Cust2580,No
Cust2581,Yes
Cust2582,No
Cust2583,No
Cust2584,No
Cust2585,Yes
Cust2586,No
Cust2587,No
Cust2588,No
Cust2589,No
Cust2590,Yes
Cust2591,Yes
Cust2592,No
Cust2593,No
Cust2594,No
Cust2595,No
Cust2596,No
Cust2597,No
Cust2598,No
Cust2599,No
Cust2600,No
Cust2601,No
Cust2602,No
Cust2603,No
Cust2604,Yes
Cust2605,No
Cust2606,No
Cust2607,Yes
Cust2608,No
Cust2609,No
Cust2610,Yes
Cust2611,No
Cust2612,No
Cust2613,Yes
Cust2614,No
Cust2615,No
Cust2616,No
Cust2617,No
Cust2618,No
Cust2619,No
Cust2620,No
Cust2621,Yes
Cust2622,Yes
Cust2623,Yes
Cust2624,Yes
Cust2625,No
Cust2626,No
Cust2627,No
Cust2628,No
Cust2629,No
Cust2630,Yes
Cust2631,Yes
Cust2632,No
Cust2633,Yes
Cust2634,No
Cust2635,Yes
Cust2636,No
Cust2637,No
Cust2638,Yes
Cust2639,No
Cust2640,No
Cust2641,No
Cust2642,No
Cust2643,Yes
Cust2644,No
Cust2645,Yes
Cust2646,No
Cust2647,No
Cust2648,No
Cust2649,No
Cust2650,No
Cust2651,No
Cust2652,No
Cust2653,No
Cust2654,Yes
Cust2655,No
Cust2656,No
Cust2657,No
Cust2658,Yes
Cust2659,No
Cust2660,No
Cust2661,No
Cust2662,No
Cust2663,No
Cust2664,No
Cust2665,No
Cust2666,Yes
Cust2667,No
Cust2668,No
Cust2669,No
Cust2670,No
Cust2671,Yes
Cust2672,No
Cust2673,No
Cust2674,Yes
Cust2675,Yes
Cust2676,No
Cust2677,No
Cust2678,No
Cust2679,No
Cust2680,No
Cust2681,No
Cust2682,No
Cust2683,No
Cust2684,No
Cust2685,No
Cust2686,No
Cust2687,No
Cust2688,No
Cust2689,No
Cust2690,No
Cust2691,No
Cust2692,No
Cust2693,No
Cust2694,No
Cust2695,No
Cust2696,No
Cust2697,No
Cust2698,Yes
Cust2699,No
Cust2700,No
Cust2701,No
Cust2702,Yes
Cust2703,No
Cust2704,Yes
Cust2705,No
Cust2706,No
Cust2707,Yes
Cust2708,Yes
Cust2709,Yes
Cust2710,No
Cust2711,No
Cust2712,No
Cust2713,Yes
Cust2714,No
Cust2715,Yes
Cust2716,No
Cust2717,No
Cust2718,No
Cust2719,Yes
Cust2720,No
Cust2721,No
Cust2722,Yes
Cust2723,No
Cust2724,Yes
Cust2725,No
Cust2726,No
Cust2727,Yes
Cust2728,Yes
Cust2729,No
Cust2730,No
Cust2731,No
Cust2732,No
Cust2733,No
Cust2734,No
Cust2735,No
Cust2736,Yes
Cust2737,No
Cust2738,No
Cust2739,No
Cust2740,No
Cust2741,Yes
Cust2742,No
Cust2743,Yes
Cust2744,No
Cust2745,No
Cust2746,Yes
Cust2747,No
Cust2748,No
Cust2749,Yes
Cust2750,No
Cust2751,No
Cust2752,Yes
Cust2753,No
Cust2754,No
Cust2755,No
Cust2756,No
Cust2757,No
Cust2758,No
Cust2759,No
Cust2760,No
Cust2761,Yes
Cust2762,No
Cust2763,Yes
Cust2764,No
Cust2765,No
Cust2766,Yes
Cust2767,Yes
Cust2768,Yes
Cust2769,No
Cust2770,No
Cust2771,Yes
Cust2772,No
Cust2773,No
Cust2774,Yes
Cust2775,Yes
Cust2776,Yes
Cust2777,No
Cust2778,No
Cust2779,No
Cust2780,No
Cust2781,Yes
Cust2782,No
Cust2783,No
Cust2784,No
Cust2785,No
Cust2786,No
Cust2787,No
Cust2788,Yes
Cust2789,Yes
Cust2790,Yes
Cust2791,No
Cust2792,No
Cust2793,No
Cust2794,No
Cust2795,No
Cust2796,No
Cust2797,No
Cust2798,No
Cust2799,Yes
Cust2800,No
Cust2801,No
Cust2802,No
Cust2803,No
Cust2804,No
Cust2805,No
Cust2806,No
Cust2807,Yes
Cust2808,No
Cust2809,No
Cust2810,No
Cust2811,No
Cust2812,Yes
Cust2813,No
Cust2814,Yes
Cust2815,No
Cust2816,No
Cust2817,No
Cust2818,Yes
Cust2819,No
Cust2820,No
Cust2821,No
Cust2822,No
Cust2823,No
Cust2824,No
Cust2825,No
Cust2826,Yes
Cust2827,No
Cust2828,Yes
Cust2829,No
Cust2830,No
Cust2831,No
Cust2832,No
Cust2833,No
Cust2834,No
Cust2835,No
Cust2836,Yes
Cust2837,No
Cust2838,No
Cust2839,No
Cust2840,Yes
Cust2841,No
Cust2842,No
Cust2843,No
Cust2844,No
Cust2845,No
Cust2846,Yes
Cust2847,No
Cust2848,No
Cust2849,No
Cust2850,No
Cust2851,No
Cust2852,Yes
Cust2853,No
Cust2854,No
Cust2855,No
Cust2856,Yes
Cust2857,Yes
Cust2858,No
Cust2859,Yes
Cust2860,Yes
Cust2861,No
Cust2862,No
Cust2863,No
Cust2864,No
Cust2865,No
Cust2866,No
Cust2867,Yes
Cust2868,Yes
Cust2869,No
Cust2870,No
Cust2871,Yes
Cust2872,No
Cust2873,No
Cust2874,No
Cust2875,No
Cust2876,Yes
Cust2877,No
Cust2878,No
Cust2879,No
Cust2880,No
Cust2881,No
Cust2882,No
Cust2883,Yes
Cust2884,Yes
Cust2885,No
Cust2886,No
Cust2887,No
Cust2888,Yes
Cust2889,No
Cust2890,No
Cust2891,No
Cust2892,No
Cust2893,No
Cust2894,Yes
Cust2895,No
Cust2896,Yes
Cust2897,No
Cust2898,Yes
Cust2899,Yes
Cust2900,No
Cust2901,No
Cust2902,No
Cust2903,Yes
Cust2904,Yes
Cust2905,No
Cust2906,No
Cust2907,No
Cust2908,No
Cust2909,Yes
Cust2910,No
Cust2911,Yes
Cust2912,No
Cust2913,No
Cust2914,No
Cust2915,No
Cust2916,No
Cust2917,No
Cust2918,No
Cust2919,Yes
Cust2920,No
Cust2921,No
Cust2922,No
Cust2923,No
Cust2924,No
Cust2925,No
Cust2926,Yes
Cust2927,Yes
Cust2928,No
Cust2929,No
Cust2930,No
Cust2931,No
Cust2932,No
Cust2933,Yes
Cust2934,No
Cust2935,Yes
Cust2936,No
Cust2937,No
Cust2938,No
Cust2939,Yes
Cust2940,No
Cust2941,No
Cust2942,No
Cust2943,Yes
Cust2944,No
Cust2945,No
Cust2946,Yes
Cust2947,No
Cust2948,No
Cust2949,Yes
Cust2950,No
Cust2951,No
Cust2952,No
Cust2953,No
Cust2954,No
Cust2955,No
Cust2956,No
Cust2957,No
Cust2958,No
Cust2959,No
Cust2960,No
Cust2961,Yes
Cust2962,Yes
Cust2963,No
Cust2964,No
Cust2965,No
Cust2966,No
Cust2967,No
Cust2968,No
Cust2969,No
Cust2970,No
Cust2971,Yes
Cust2972,Yes
Cust2973,No
Cust2974,No
Cust2975,No
Cust2976,No
Cust2977,No
Cust2978,Yes
Cust2979,No
Cust2980,No
Cust2981,Yes
Cust2982,Yes
Cust2983,Yes
Cust2984,No
Cust2985,No
Cust2986,No
Cust2987,No
Cust2988,No
Cust2989,No
Cust2990,No
Cust2991,Yes
Cust2992,No
Cust2993,No
Cust2994,No
Cust2995,No
Cust2996,No
Cust2997,Yes
Cust2998,No
Cust2999,No
Cust3000,No
Cust3001,No
Cust3002,No
Cust3003,Yes
Cust3004,No
Cust3005,No
Cust3006,No
Cust3007,No
Cust3008,No
Cust3009,No
Cust3010,Yes
Cust3011,No
Cust3012,No
Cust3013,No
Cust3014,Yes
Cust3015,No
Cust3016,No
Cust3017,No
Cust3018,No
Cust3019,No
Cust3020,No
Cust3021,Yes
Cust3022,No
Cust3023,Yes
Cust3024,No
Cust3025,No
Cust3026,No
Cust3027,Yes
Cust3028,Yes
Cust3029,Yes
Cust3030,Yes
Cust3031,No
Cust3032,No
Cust3033,No
Cust3034,No
Cust3035,No
Cust3036,Yes
Cust3037,No
Cust3038,No
Cust3039,No
Cust3040,No
Cust3041,Yes
Cust3042,No
Cust3043,Yes
Cust3044,Yes
Cust3045,Yes
Cust3046,No
Cust3047,No
Cust3048,No
Cust3049,No
Cust3050,No
Cust3051,No
Cust3052,Yes
Cust3053,No
Cust3054,No
Cust3055,No
Cust3056,No
Cust3057,Yes
Cust3058,No
Cust3059,No
Cust3060,No
Cust3061,No
Cust3062,No
Cust3063,No
Cust3064,No
Cust3065,No
Cust3066,Yes
Cust3067,No
Cust3068,No
Cust3069,No
Cust3070,Yes
Cust3071,No
Cust3072,No
Cust3073,No
Cust3074,No
Cust3075,Yes
Cust3076,No
Cust3077,No
Cust3078,Yes
Cust3079,No
Cust3080,No
Cust3081,No
Cust3082,No
Cust3083,Yes
Cust3084,No
Cust3085,No
Cust3086,No
Cust3087,Yes
Cust3088,No
Cust3089,Yes
Cust3090,No
Cust3091,No
Cust3092,Yes
Cust3093,No
Cust3094,No
Cust3095,No
Cust3096,No
Cust3097,No
Cust3098,No
Cust3099,Yes
Cust3100,No
Cust3101,No
Cust3102,No
Cust3103,No
Cust3104,Yes
Cust3105,Yes
Cust3106,Yes
Cust3107,Yes
Cust3108,No
Cust3109,No
Cust3110,Yes
Cust3111,No
Cust3112,No
Cust3113,Yes
Cust3114,No
Cust3115,No
Cust3116,Yes
Cust3117,Yes
Cust3118,No
Cust3119,No
Cust3120,No
Cust3121,No
Cust3122,No
Cust3123,No
Cust3124,No
Cust3125,No
Cust3126,Yes
Cust3127,No
Cust3128,No
Cust3129,No
Cust3130,Yes
Cust3131,No
Cust3132,No
Cust3133,No
Cust3134,No
Cust3135,Yes
Cust3136,No
Cust3137,No
Cust3138,No
Cust3139,No
Cust3140,Yes
Cust3141,Yes
Cust3142,No
Cust3143,No
Cust3144,Yes
Cust3145,No
Cust3146,Yes
Cust3147,No
Cust3148,No
Cust3149,No
Cust3150,Yes
Cust3151,Yes
Cust3152,No
Cust3153,No
Cust3154,No
Cust3155,No
Cust3156,Yes
Cust3157,Yes
Cust3158,No
Cust3159,Yes
Cust3160,Yes
Cust3161,No
Cust3162,No
Cust3163,No
Cust3164,No
Cust3165,No
Cust3166,No
Cust3167,No
Cust3168,No
Cust3169,Yes
Cust3170,No
Cust3171,Yes
Cust3172,Yes
Cust3173,No
Cust3174,No
Cust3175,No
Cust3176,No
Cust3177,No
Cust3178,No
Cust3179,Yes
Cust3180,Yes
Cust3181,No
Cust3182,No
Cust3183,No
Cust3184,No
Cust3185,No
Cust3186,Yes
Cust3187,No
Cust3188,Yes
Cust3189,No
Cust3190,No
Cust3191,Yes
Cust3192,No
Cust3193,Yes
Cust3194,No
Cust3195,No
Cust3196,Yes
Cust3197,Yes
Cust3198,No
Cust3199,No
Cust3200,Yes
Cust3201,No
Cust3202,No
Cust3203,No
Cust3204,No
Cust3205,No
Cust3206,No
Cust3207,No
Cust3208,Yes
Cust3209,No
Cust3210,Yes
Cust3211,Yes
Cust3212,No
Cust3213,No
Cust3214,No
Cust3215,No
Cust3216,Yes
Cust3217,No
Cust3218,No
Cust3219,No
Cust3220,No
Cust3221,No
Cust3222,Yes
Cust3223,No
Cust3224,No
Cust3225,Yes
Cust3226,Yes
Cust3227,Yes
Cust3228,No
Cust3229,Yes
Cust3230,Yes
Cust3231,No
Cust3232,No
Cust3233,Yes
Cust3234,No
Cust3235,No
Cust3236,No
Cust3237,No
Cust3238,No
Cust3239,No
Cust3240,No
Cust3241,No
Cust3242,No
Cust3243,No
Cust3244,No
Cust3245,No
Cust3246,Yes
Cust3247,Yes
Cust3248,No
Cust3249,Yes
Cust3250,Yes
Cust3251,Yes
Cust3252,Yes
Cust3253,No
Cust3254,No
Cust3255,No
Cust3256,No
Cust3257,No
Cust3258,Yes
Cust3259,No
Cust3260,No
Cust3261,No
Cust3262,Yes
Cust3263,No
Cust3264,No
Cust3265,No
Cust3266,No
Cust3267,No
Cust3268,Yes
Cust3269,No
Cust3270,No
Cust3271,No
Cust3272,No
Cust3273,No
Cust3274,No
Cust3275,No
Cust3276,No
Cust3277,No
Cust3278,No
Cust3279,No
Cust3280,No
Cust3281,No
Cust3282,Yes
Cust3283,No
Cust3284,No
Cust3285,Yes
Cust3286,No
Cust3287,No
Cust3288,No
Cust3289,No
Cust3290,Yes
Cust3291,No
Cust3292,No
Cust3293,No
Cust3294,No
Cust3295,No
Cust3296,No
Cust3297,No
Cust3298,No
Cust3299,No
Cust3300,No
Cust3301,No
Cust3302,No
Cust3303,No
Cust3304,No
Cust3305,No
Cust3306,No
Cust3307,No
Cust3308,No
Cust3309,Yes
Cust3310,Yes
Cust3311,No
Cust3312,No
Cust3313,No
Cust3314,No
Cust3315,No
Cust3316,No
Cust3317,No
Cust3318,No
Cust3319,No
Cust3320,Yes
Cust3321,No
Cust3322,No
Cust3323,No
Cust3324,No
Cust3325,No
Cust3326,Yes
Cust3327,No
Cust3328,No
Cust3329,Yes
Cust3330,No
Cust3331,No
Cust3332,No
Cust3333,Yes
Cust3334,No
Cust3335,Yes
Cust3336,Yes
Cust3337,No
Cust3338,Yes
Cust3339,Yes
Cust3340,No
Cust3341,Yes
Cust3342,No
Cust3343,No
Cust3344,No
Cust3345,No
Cust3346,No
Cust3347,Yes
Cust3348,No
Cust3349,No
Cust3350,No
Cust3351,No
Cust3352,No
Cust3353,No
Cust3354,No
Cust3355,Yes
Cust3356,Yes
Cust3357,No
Cust3358,No
Cust3359,No
Cust3360,No
Cust3361,No
Cust3362,No
Cust3363,Yes
Cust3364,No
Cust3365,No
Cust3366,No
Cust3367,No
Cust3368,No
Cust3369,No
Cust3370,No
Cust3371,Yes
Cust3372,No
Cust3373,No
Cust3374,No
Cust3375,No
Cust3376,No
Cust3377,No
Cust3378,No
Cust3379,No
Cust3380,No
Cust3381,No
Cust3382,No
Cust3383,No
Cust3384,No
Cust3385,No
Cust3386,Yes
Cust3387,No
Cust3388,No
Cust3389,No
Cust3390,No
Cust3391,No
Cust3392,Yes
Cust3393,No
Cust3394,No
Cust3395,Yes
Cust3396,No
Cust3397,No
Cust3398,No
Cust3399,Yes
Cust3400,No
Cust3401,No
Cust3402,No
Cust3403,No
Cust3404,Yes
Cust3405,No
Cust3406,No
Cust3407,No
Cust3408,Yes
Cust3409,Yes
Cust3410,No
Cust3411,Yes
Cust3412,Yes
Cust3413,No
Cust3414,No
Cust3415,Yes
Cust3416,No
Cust3417,No
Cust3418,No
Cust3419,No
Cust3420,No
Cust3421,No
Cust3422,No
Cust3423,No
Cust3424,Yes
Cust3425,No
Cust3426,No
Cust3427,No
Cust3428,No
Cust3429,No
Cust3430,No
Cust3431,No
Cust3432,Yes
Cust3433,Yes
Cust3434,No
Cust3435,Yes
Cust3436,No
Cust3437,No
Cust3438,No
Cust3439,No
Cust3440,No
Cust3441,No
Cust3442,No
Cust3443,Yes
Cust3444,No
Cust3445,No
Cust3446,No
Cust3447,No
Cust3448,Yes
Cust3449,No
Cust3450,Yes
Cust3451,Yes
Cust3452,No
Cust3453,No
Cust3454,Yes
Cust3455,No
Cust3456,No
Cust3457,No
Cust3458,No
Cust3459,No
Cust3460,No
Cust3461,No
Cust3462,Yes
Cust3463,No
Cust3464,No
Cust3465,Yes
Cust3466,Yes
Cust3467,No
Cust3468,No
Cust3469,No
Cust3470,No
Cust3471,No
Cust3472,No
Cust3473,No
Cust3474,No
Cust3475,No
Cust3476,Yes
Cust3477,No
Cust3478,No
Cust3479,No
Cust3480,No
Cust3481,No
Cust3482,No
Cust3483,No
Cust3484,No
Cust3485,No
Cust3486,No
Cust3487,No
Cust3488,No
Cust3489,No
Cust3490,Yes
Cust3491,No
Cust3492,No
Cust3493,Yes
Cust3494,Yes
Cust3495,No
Cust3496,Yes
Cust3497,No
Cust3498,No
Cust3499,No
Cust3500,No
Cust3501,No
Cust3502,No
Cust3503,No
Cust3504,No
Cust3505,No
Cust3506,No
Cust3507,No
Cust3508,No
Cust3509,No
Cust3510,Yes
Cust3511,No
Cust3512,No
Cust3513,No
Cust3514,Yes
Cust3515,Yes
Cust3516,No
Cust3517,No
Cust3518,No
Cust3519,No
Cust3520,Yes
Cust3521,No
Cust3522,Yes
Cust3523,No
Cust3524,Yes
Cust3525,Yes
Cust3526,Yes
Cust3527,No
Cust3528,No
Cust3529,No
Cust3530,No
Cust3531,No
Cust3532,No
Cust3533,No
Cust3534,No
Cust3535,Yes
Cust3536,No
Cust3537,No
Cust3538,No
Cust3539,No
Cust3540,No
Cust3541,No
Cust3542,No
Cust3543,No
Cust3544,No
Cust3545,Yes
Cust3546,No
Cust3547,No
Cust3548,No
Cust3549,Yes
Cust3550,No
Cust3551,Yes
Cust3552,Yes
Cust3553,No
Cust3554,No
Cust3555,Yes
Cust3556,No
Cust3557,No
Cust3558,Yes
Cust3559,No
Cust3560,Yes
Cust3561,No
Cust3562,No
Cust3563,Yes
Cust3564,No
Cust3565,No
Cust3566,No
Cust3567,No
Cust3568,Yes
Cust3569,No
Cust3570,Yes
Cust3571,No
Cust3572,Yes
Cust3573,No
Cust3574,Yes
Cust3575,No
Cust3576,No
Cust3577,No
Cust3578,Yes
Cust3579,No
Cust3580,No
Cust3581,No
Cust3582,No
Cust3583,No
Cust3584,No
Cust3585,No
Cust3586,Yes
Cust3587,No
Cust3588,No
Cust3589,No
Cust3590,Yes
Cust3591,No
Cust3592,No
Cust3593,No
Cust3594,No
Cust3595,No
Cust3596,No
Cust3597,Yes
Cust3598,Yes
Cust3599,No
Cust3600,No
Cust3601,Yes
Cust3602,No
Cust3603,No
Cust3604,Yes
Cust3605,No
Cust3606,No
Cust3607,No
Cust3608,No
Cust3609,Yes
Cust3610,No
Cust3611,No
Cust3612,Yes
Cust3613,No
Cust3614,No
Cust3615,No
Cust3616,No
Cust3617,Yes
Cust3618,No
Cust3619,Yes
Cust3620,No
Cust3621,Yes
Cust3622,No
Cust3623,No
Cust3624,Yes
Cust3625,No
Cust3626,No
Cust3627,No
Cust3628,No
Cust3629,Yes
Cust3630,Yes
Cust3631,Yes
Cust3632,No
Cust3633,No
Cust3634,Yes
Cust3635,No
Cust3636,No
Cust3637,No
Cust3638,No
Cust3639,No
Cust3640,No
Cust3641,No
Cust3642,No
Cust3643,Yes
Cust3644,No
Cust3645,No
Cust3646,Yes
Cust3647,No
Cust3648,Yes
Cust3649,No
Cust3650,No
Cust3651,No
Cust3652,No
Cust3653,Yes
Cust3654,No
Cust3655,No
Cust3656,No
Cust3657,Yes
Cust3658,Yes
Cust3659,No
Cust3660,Yes
Cust3661,No
Cust3662,Yes
Cust3663,No
Cust3664,Yes
Cust3665,No
Cust3666,No
Cust3667,No
Cust3668,No
Cust3669,No
Cust3670,No
Cust3671,Yes
Cust3672,Yes
Cust3673,Yes
Cust3674,No
Cust3675,No
Cust3676,No
Cust3677,No
Cust3678,No
Cust3679,No
Cust3680,Yes
Cust3681,No
Cust3682,No
Cust3683,No
Cust3684,No
Cust3685,No
Cust3686,No
Cust3687,No
Cust3688,No
Cust3689,No
Cust3690,Yes
Cust3691,No
Cust3692,Yes
Cust3693,No
Cust3694,No
Cust3695,No
Cust3696,No
Cust3697,Yes
Cust3698,No
Cust3699,No
Cust3700,No
Cust3701,No
Cust3702,No
Cust3703,No
Cust3704,No
Cust3705,No
Cust3706,No
Cust3707,No
Cust3708,No
Cust3709,No
Cust3710,Yes
Cust3711,No
Cust3712,No
Cust3713,No
Cust3714,No
Cust3715,Yes
Cust3716,Yes
Cust3717,No
Cust3718,No
Cust3719,No
Cust3720,No
Cust3721,Yes
Cust3722,Yes
Cust3723,No
Cust3724,Yes
Cust3725,No
Cust3726,No
Cust3727,Yes
Cust3728,No
Cust3729,No
Cust3730,Yes
Cust3731,Yes
Cust3732,No
Cust3733,No
Cust3734,Yes
Cust3735,No
Cust3736,No
Cust3737,Yes
Cust3738,Yes
Cust3739,Yes
Cust3740,No
Cust3741,No
Cust3742,Yes
Cust3743,No
Cust3744,No
Cust3745,No
Cust3746,Yes
Cust3747,No
Cust3748,No
Cust3749,No
Cust3750,No
Cust3751,No
Cust3752,Yes
Cust3753,Yes
Cust3754,No
Cust3755,Yes
Cust3756,No
Cust3757,No
Cust3758,No
Cust3759,Yes
Cust3760,No
Cust3761,No
Cust3762,No
Cust3763,Yes
Cust3764,No
Cust3765,No
Cust3766,No
Cust3767,No
Cust3768,No
Cust3769,Yes
Cust3770,Yes
Cust3771,No
Cust3772,No
Cust3773,No
Cust3774,Yes
Cust3775,No
Cust3776,No
Cust3777,No
Cust3778,No
Cust3779,No
Cust3780,No
Cust3781,No
Cust3782,No
Cust3783,No
Cust3784,No
Cust3785,No
Cust3786,No
Cust3787,No
Cust3788,No
Cust3789,No
Cust3790,Yes
Cust3791,No
Cust3792,Yes
Cust3793,Yes
Cust3794,No
Cust3795,Yes
Cust3796,No
Cust3797,No
Cust3798,Yes
Cust3799,No
Cust3800,Yes
Cust3801,No
Cust3802,No
Cust3803,No
Cust3804,No
Cust3805,Yes
Cust3806,No
Cust3807,Yes
Cust3808,No
Cust3809,No
Cust3810,No
Cust3811,No
Cust3812,No
Cust3813,Yes
Cust3814,No
Cust3815,Yes
Cust3816,No
Cust3817,No
Cust3818,Yes
Cust3819,No
Cust3820,No
Cust3821,No
Cust3822,Yes
Cust3823,No
Cust3824,No
Cust3825,Yes
Cust3826,No
Cust3827,No
Cust3828,No
Cust3829,No
Cust3830,No
Cust3831,No
Cust3832,No
Cust3833,No
Cust3834,No
Cust3835,No
Cust3836,Yes
Cust3837,No
Cust3838,Yes
Cust3839,No
Cust3840,Yes
Cust3841,No
Cust3842,No
Cust3843,No
Cust3844,No
Cust3845,No
Cust3846,No
Cust3847,No
Cust3848,No
Cust3849,No
Cust3850,No
Cust3851,No
Cust3852,No
Cust3853,No
Cust3854,Yes
Cust3855,No
Cust3856,Yes
Cust3857,Yes
Cust3858,No
Cust3859,No
Cust3860,No
Cust3861,Yes
Cust3862,No
Cust3863,No
Cust3864,Yes
Cust3865,No
Cust3866,No
Cust3867,No
Cust3868,Yes
Cust3869,Yes
Cust3870,No
Cust3871,No
Cust3872,No
Cust3873,No
Cust3874,No
Cust3875,No
Cust3876,No
Cust3877,Yes
Cust3878,Yes
Cust3879,No
Cust3880,Yes
Cust3881,No
Cust3882,No
Cust3883,No
Cust3884,No
Cust3885,Yes
Cust3886,Yes
Cust3887,No
Cust3888,No
Cust3889,No
Cust3890,No
Cust3891,No
Cust3892,No
Cust3893,No
Cust3894,Yes
Cust3895,Yes
Cust3896,Yes
Cust3897,No
Cust3898,No
Cust3899,No
Cust3900,No
Cust3901,No
Cust3902,No
Cust3903,No
Cust3904,No
Cust3905,No
Cust3906,Yes
Cust3907,No
Cust3908,No
Cust3909,No
Cust3910,No
Cust3911,No
Cust3912,Yes
Cust3913,Yes
Cust3914,No
Cust3915,No
Cust3916,Yes
Cust3917,No
Cust3918,No
Cust3919,No
Cust3920,No
Cust3921,No
Cust3922,No
Cust3923,No
Cust3924,No
Cust3925,No
Cust3926,No
Cust3927,No
Cust3928,No
Cust3929,Yes
Cust3930,Yes
Cust3931,No
Cust3932,No
Cust3933,Yes
Cust3934,No
Cust3935,No
Cust3936,Yes
Cust3937,Yes
Cust3938,Yes
Cust3939,No
Cust3940,No
Cust3941,No
Cust3942,No
Cust3943,No
Cust3944,No
Cust3945,No
Cust3946,No
Cust3947,No
Cust3948,No
Cust3949,No
Cust3950,No
Cust3951,No
Cust3952,No
Cust3953,No
Cust3954,No
Cust3955,No
Cust3956,No
Cust3957,Yes
Cust3958,Yes
Cust3959,No
Cust3960,Yes
Cust3961,No
Cust3962,Yes
Cust3963,No
Cust3964,No
Cust3965,Yes
Cust3966,Yes
Cust3967,No
Cust3968,No
Cust3969,No
Cust3970,No
Cust3971,No
Cust3972,No
Cust3973,No
Cust3974,No
Cust3975,No
Cust3976,No
Cust3977,No
Cust3978,No
Cust3979,No
Cust3980,No
Cust3981,Yes
Cust3982,Yes
Cust3983,Yes
Cust3984,No
Cust3985,No
Cust3986,No
Cust3987,Yes
Cust3988,Yes
Cust3989,No
Cust3990,Yes
Cust3991,Yes
Cust3992,Yes
Cust3993,No
Cust3994,Yes
Cust3995,Yes
Cust3996,No
Cust3997,No
Cust3998,No
Cust3999,No
Cust4000,No
Cust4001,Yes
Cust4002,No
Cust4003,Yes
Cust4004,Yes
Cust4005,No
Cust4006,No
Cust4007,Yes
Cust4008,No
Cust4009,Yes
Cust4010,No
Cust4011,No
Cust4012,No
Cust4013,No
Cust4014,No
Cust4015,Yes
Cust4016,No
Cust4017,Yes
Cust4018,Yes
Cust4019,Yes
Cust4020,No
Cust4021,Yes
Cust4022,Yes
Cust4023,No
Cust4024,No
Cust4025,No
Cust4026,No
Cust4027,No
Cust4028,No
Cust4029,No
Cust4030,No
Cust4031,No
Cust4032,No
Cust4033,Yes
Cust4034,No
Cust4035,No
Cust4036,Yes
Cust4037,No
Cust4038,No
Cust4039,No
Cust4040,No
Cust4041,Yes
Cust4042,No
Cust4043,No
Cust4044,Yes
Cust4045,Yes
Cust4046,No
Cust4047,No
Cust4048,Yes
Cust4049,No
Cust4050,No
Cust4051,No
Cust4052,No
Cust4053,No
Cust4054,Yes
Cust4055,No
Cust4056,No
Cust4057,No
Cust4058,No
Cust4059,No
Cust4060,Yes
Cust4061,No
Cust4062,No
Cust4063,Yes
Cust4064,Yes
Cust4065,No
Cust4066,Yes
Cust4067,No
Cust4068,No
Cust4069,No
Cust4070,No
Cust4071,No
Cust4072,No
Cust4073,Yes
Cust4074,No
Cust4075,No
Cust4076,No
Cust4077,No
Cust4078,Yes
Cust4079,Yes
Cust4080,No
Cust4081,No
Cust4082,Yes
Cust4083,No
Cust4084,Yes
Cust4085,Yes
Cust4086,Yes
Cust4087,No
Cust4088,No
Cust4089,Yes
Cust4090,Yes
Cust4091,Yes
Cust4092,No
Cust4093,Yes
Cust4094,No
Cust4095,No
Cust4096,Yes
Cust4097,No
Cust4098,No
Cust4099,No
Cust4100,No
Cust4101,No
Cust4102,No
Cust4103,Yes
Cust4104,No
Cust4105,No
Cust4106,No
Cust4107,Yes
Cust4108,No
Cust4109,No
Cust4110,No
Cust4111,No
Cust4112,No
Cust4113,No
Cust4114,No
Cust4115,Yes
Cust4116,No
Cust4117,No
Cust4118,No
Cust4119,No
Cust4120,No
Cust4121,No
Cust4122,No
Cust4123,No
Cust4124,Yes
Cust4125,No
Cust4126,No
Cust4127,No
Cust4128,Yes
Cust4129,No
Cust4130,No
Cust4131,No
Cust4132,No
Cust4133,No
Cust4134,No
Cust4135,No
Cust4136,No
Cust4137,Yes
Cust4138,No
Cust4139,Yes
Cust4140,Yes
Cust4141,Yes
Cust4142,No
Cust4143,Yes
Cust4144,No
Cust4145,No
Cust4146,No
Cust4147,No
Cust4148,No
Cust4149,No
Cust4150,Yes
Cust4151,Yes
Cust4152,No
Cust4153,No
Cust4154,Yes
Cust4155,No
Cust4156,No
Cust4157,No
Cust4158,No
Cust4159,No
Cust4160,No
Cust4161,No
Cust4162,No
Cust4163,No
Cust4164,No
Cust4165,No
Cust4166,Yes
Cust4167,No
Cust4168,No
Cust4169,No
Cust4170,Yes
Cust4171,No
Cust4172,No
Cust4173,No
Cust4174,Yes
Cust4175,Yes
Cust4176,No
Cust4177,No
Cust4178,No
Cust4179,Yes
Cust4180,Yes
Cust4181,No
Cust4182,Yes
Cust4183,No
Cust4184,No
Cust4185,No
Cust4186,No
Cust4187,Yes
Cust4188,Yes
Cust4189,Yes
Cust4190,Yes
Cust4191,Yes
Cust4192,No
Cust4193,Yes
Cust4194,No
Cust4195,No
Cust4196,Yes
Cust4197,No
Cust4198,No
Cust4199,No
Cust4200,No
Cust4201,No
Cust4202,No
Cust4203,No
Cust4204,No
Cust4205,No
Cust4206,No
Cust4207,No
Cust4208,No
Cust4209,Yes
Cust4210,Yes
Cust4211,No
Cust4212,No
Cust4213,No
Cust4214,No
Cust4215,No
Cust4216,No
Cust4217,Yes
Cust4218,No
Cust4219,No
Cust4220,No
Cust4221,No
Cust4222,No
Cust4223,Yes
Cust4224,Yes
Cust4225,No
Cust4226,No
Cust4227,No
Cust4228,Yes
Cust4229,No
Cust4230,No
Cust4231,No
Cust4232,Yes
Cust4233,No
Cust4234,No
Cust4235,No
Cust4236,No
Cust4237,No
Cust4238,No
Cust4239,Yes
Cust4240,No
Cust4241,No
Cust4242,No
Cust4243,No
Cust4244,No
Cust4245,Yes
Cust4246,No
Cust4247,No
Cust4248,No
Cust4249,No
Cust4250,Yes
Cust4251,Yes
Cust4252,No
Cust4253,No
Cust4254,Yes
Cust4255,Yes
Cust4256,No
Cust4257,No
Cust4258,Yes
Cust4259,No
Cust4260,No
Cust4261,No
Cust4262,No
Cust4263,No
Cust4264,No
Cust4265,No
Cust4266,No
Cust4267,No
Cust4268,Yes
Cust4269,No
Cust4270,No
Cust4271,Yes
Cust4272,No
Cust4273,No
Cust4274,No
Cust4275,No
Cust4276,No
Cust4277,No
Cust4278,No
Cust4279,No
Cust4280,No
Cust4281,No
Cust4282,No
Cust4283,No
Cust4284,Yes
Cust4285,No
Cust4286,No
Cust4287,No
Cust4288,Yes
Cust4289,No
Cust4290,Yes
Cust4291,No
Cust4292,No
Cust4293,No
Cust4294,No
Cust4295,No
Cust4296,Yes
Cust4297,No
Cust4298,Yes
Cust4299,No
Cust4300,No
Cust4301,No
Cust4302,Yes
Cust4303,No
Cust4304,Yes
Cust4305,Yes
Cust4306,No
Cust4307,No
Cust4308,No
Cust4309,No
Cust4310,No
Cust4311,No
Cust4312,Yes
Cust4313,No
Cust4314,No
Cust4315,Yes
Cust4316,No
Cust4317,Yes
Cust4318,No
Cust4319,No
Cust4320,Yes
Cust4321,No
Cust4322,No
Cust4323,No
Cust4324,No
Cust4325,No
Cust4326,No
Cust4327,Yes
Cust4328,No
Cust4329,No
Cust4330,No
Cust4331,No
Cust4332,No
Cust4333,No
Cust4334,Yes
Cust4335,No
Cust4336,No
Cust4337,Yes
Cust4338,No
Cust4339,No
Cust4340,No
Cust4341,No
Cust4342,No
Cust4343,No
Cust4344,No
Cust4345,No
Cust4346,No
Cust4347,Yes
Cust4348,No
Cust4349,No
Cust4350,Yes
Cust4351,No
Cust4352,No
Cust4353,No
Cust4354,No
Cust4355,No
Cust4356,No
Cust4357,Yes
Cust4358,No
Cust4359,No
Cust4360,No
Cust4361,No
Cust4362,No
Cust4363,No
Cust4364,No
Cust4365,Yes
Cust4366,No
Cust4367,No
Cust4368,Yes
Cust4369,No
Cust4370,No
Cust4371,No
Cust4372,Yes
Cust4373,Yes
Cust4374,No
Cust4375,No
Cust4376,Yes
Cust4377,Yes
Cust4378,No
Cust4379,No
Cust4380,No
Cust4381,Yes
Cust4382,No
Cust4383,No
Cust4384,No
Cust4385,No
Cust4386,No
Cust4387,No
Cust4388,No
Cust4389,No
Cust4390,No
Cust4391,No
Cust4392,No
Cust4393,Yes
Cust4394,Yes
Cust4395,No
Cust4396,No
Cust4397,No
Cust4398,No
Cust4399,No
Cust4400,No
Cust4401,No
Cust4402,No
Cust4403,No
Cust4404,No
Cust4405,No
Cust4406,No
Cust4407,Yes
Cust4408,No
Cust4409,No
Cust4410,No
Cust4411,No
Cust4412,Yes
Cust4413,No
Cust4414,No
Cust4415,Yes
Cust4416,No
Cust4417,Yes
Cust4418,No
Cust4419,No
Cust4420,No
Cust4421,No
Cust4422,Yes
Cust4423,No
Cust4424,No
Cust4425,No
Cust4426,No
Cust4427,Yes
Cust4428,No
Cust4429,No
Cust4430,No
Cust4431,No
Cust4432,No
Cust4433,No
Cust4434,No
Cust4435,Yes
Cust4436,No
Cust4437,No
Cust4438,Yes
Cust4439,No
Cust4440,No
Cust4441,No
Cust4442,No
Cust4443,Yes
Cust4444,No
Cust4445,No
Cust4446,No
Cust4447,No
Cust4448,No
Cust4449,No
Cust4450,No
Cust4451,No
Cust4452,Yes
Cust4453,Yes
Cust4454,Yes
Cust4455,No
Cust4456,No
Cust4457,Yes
Cust4458,No
Cust4459,No
Cust4460,Yes
Cust4461,No
Cust4462,No
Cust4463,No
Cust4464,No
Cust4465,Yes
Cust4466,No
Cust4467,No
Cust4468,Yes
Cust4469,No
Cust4470,No
Cust4471,Yes
Cust4472,Yes
Cust4473,Yes
Cust4474,Yes
Cust4475,No
Cust4476,Yes
Cust4477,No
Cust4478,No
Cust4479,No
Cust4480,No
Cust4481,No
Cust4482,No
Cust4483,Yes
Cust4484,Yes
Cust4485,No
Cust4486,No
Cust4487,No
Cust4488,No
Cust4489,Yes
Cust4490,Yes
Cust4491,No
Cust4492,No
Cust4493,No
Cust4494,No
Cust4495,No
Cust4496,No
Cust4497,No
Cust4498,No
Cust4499,No
Cust4500,Yes
Cust4501,No
Cust4502,Yes
Cust4503,No
Cust4504,No
Cust4505,No
Cust4506,No
Cust4507,No
Cust4508,Yes
Cust4509,No
Cust4510,Yes
Cust4511,No
Cust4512,Yes
Cust4513,No
Cust4514,No
Cust4515,No
Cust4516,Yes
Cust4517,Yes
Cust4518,No
Cust4519,No
Cust4520,No
Cust4521,No
Cust4522,Yes
Cust4523,Yes
Cust4524,Yes
Cust4525,No
Cust4526,No
Cust4527,No
Cust4528,No
Cust4529,No
Cust4530,No
Cust4531,No
Cust4532,Yes
Cust4533,No
Cust4534,No
Cust4535,No
Cust4536,No
Cust4537,No
Cust4538,Yes
Cust4539,No
Cust4540,Yes
Cust4541,No
Cust4542,No
Cust4543,No
Cust4544,Yes
Cust4545,No
Cust4546,No
Cust4547,No
Cust4548,No
Cust4549,No
Cust4550,No
Cust4551,Yes
Cust4552,No
Cust4553,Yes
Cust4554,No
Cust4555,No
Cust4556,Yes
Cust4557,Yes
Cust4558,No
Cust4559,No
Cust4560,Yes
Cust4561,No
Cust4562,Yes
Cust4563,Yes
Cust4564,Yes
Cust4565,No
Cust4566,No
Cust4567,No
Cust4568,No
Cust4569,No
Cust4570,No
Cust4571,Yes
Cust4572,No
Cust4573,No
Cust4574,No
Cust4575,Yes
Cust4576,No
Cust4577,No
Cust4578,No
Cust4579,No
Cust4580,Yes
Cust4581,No
Cust4582,No
Cust4583,Yes
Cust4584,No
Cust4585,Yes
Cust4586,No
Cust4587,No
Cust4588,No
Cust4589,No
Cust4590,No
Cust4591,No
Cust4592,No
Cust4593,No
Cust4594,Yes
Cust4595,No
Cust4596,No
Cust4597,No
Cust4598,No
Cust4599,Yes
Cust4600,No
Cust4601,No
Cust4602,Yes
Cust4603,No
Cust4604,No
Cust4605,No
Cust4606,No
Cust4607,No
Cust4608,No
Cust4609,No
Cust4610,Yes
Cust4611,No
Cust4612,Yes
Cust4613,No
Cust4614,No
Cust4615,No
Cust4616,No
Cust4617,No
Cust4618,Yes
Cust4619,No
Cust4620,No
Cust4621,No
Cust4622,No
Cust4623,Yes
Cust4624,No
Cust4625,No
Cust4626,No
Cust4627,No
Cust4628,No
Cust4629,Yes
Cust4630,No
Cust4631,No
Cust4632,No
Cust4633,No
Cust4634,No
Cust4635,No
Cust4636,No
Cust4637,No
Cust4638,No
Cust4639,No
Cust4640,No
Cust4641,No
Cust4642,Yes
Cust4643,No
Cust4644,No
Cust4645,No
Cust4646,No
Cust4647,Yes
Cust4648,Yes
Cust4649,No
Cust4650,No
Cust4651,Yes
Cust4652,No
Cust4653,No
Cust4654,No
Cust4655,No
Cust4656,No
Cust4657,Yes
Cust4658,No
Cust4659,Yes
Cust4660,No
Cust4661,No
Cust4662,No
Cust4663,Yes
Cust4664,No
Cust4665,No
Cust4666,No
Cust4667,No
Cust4668,No
Cust4669,No
Cust4670,No
Cust4671,No
Cust4672,No
Cust4673,Yes
Cust4674,No
Cust4675,No
Cust4676,No
Cust4677,No
Cust4678,Yes
Cust4679,No
Cust4680,No
Cust4681,No
Cust4682,No
Cust4683,Yes
Cust4684,No
Cust4685,No
Cust4686,No
Cust4687,No
Cust4688,No
Cust4689,No
Cust4690,No
Cust4691,Yes
Cust4692,Yes
Cust4693,No
Cust4694,No
Cust4695,No
Cust4696,No
Cust4697,Yes
Cust4698,Yes
Cust4699,Yes
Cust4700,No
Cust4701,Yes
Cust4702,Yes
Cust4703,No
Cust4704,No
Cust4705,No
Cust4706,No
Cust4707,No
Cust4708,No
Cust4709,No
Cust4710,Yes
Cust4711,Yes
Cust4712,No
Cust4713,No
Cust4714,No
Cust4715,No
Cust4716,Yes
Cust4717,No
Cust4718,No
Cust4719,Yes
Cust4720,No
Cust4721,No
Cust4722,No
Cust4723,Yes
Cust4724,No
Cust4725,No
Cust4726,No
Cust4727,No
Cust4728,No
Cust4729,Yes
Cust4730,No
Cust4731,No
Cust4732,Yes
Cust4733,Yes
Cust4734,Yes
Cust4735,No
Cust4736,Yes
Cust4737,Yes
Cust4738,No
Cust4739,No
Cust4740,No
Cust4741,No
Cust4742,Yes
Cust4743,No
Cust4744,No
Cust4745,No
Cust4746,No
Cust4747,No
Cust4748,No
Cust4749,No
Cust4750,No
Cust4751,No
Cust4752,Yes
Cust4753,Yes
Cust4754,No
Cust4755,No
Cust4756,No
Cust4757,Yes
Cust4758,Yes
Cust4759,Yes
Cust4760,No
Cust4761,Yes
Cust4762,No
Cust4763,Yes
Cust4764,Yes
Cust4765,No
Cust4766,Yes
Cust4767,No
Cust4768,No
Cust4769,Yes
Cust4770,No
Cust4771,Yes
Cust4772,No
Cust4773,No
Cust4774,No
Cust4775,No
Cust4776,Yes
Cust4777,No
Cust4778,No
Cust4779,No
Cust4780,No
Cust4781,No
Cust4782,No
Cust4783,No
Cust4784,No
Cust4785,No
Cust4786,No
Cust4787,No
Cust4788,No
Cust4789,No
Cust4790,Yes
Cust4791,No
Cust4792,No
Cust4793,No
Cust4794,No
Cust4795,No
Cust4796,Yes
Cust4797,Yes
Cust4798,No
Cust4799,No
Cust4800,No
Cust4801,No
Cust4802,No
Cust4803,Yes
Cust4804,Yes
Cust4805,No
Cust4806,Yes
Cust4807,No
Cust4808,No
Cust4809,Yes
Cust4810,No
Cust4811,No
Cust4812,No
Cust4813,No
Cust4814,No
Cust4815,No
Cust4816,No
Cust4817,No
Cust4818,No
Cust4819,No
Cust4820,Yes
Cust4821,No
Cust4822,No
Cust4823,No
Cust4824,No
Cust4825,Yes
Cust4826,No
Cust4827,No
Cust4828,Yes
Cust4829,No
Cust4830,No
Cust4831,No
Cust4832,No
Cust4833,No
Cust4834,No
Cust4835,No
Cust4836,Yes
Cust4837,No
Cust4838,Yes
Cust4839,No
Cust4840,No
Cust4841,Yes
Cust4842,No
Cust4843,No
Cust4844,No
Cust4845,Yes
Cust4846,Yes
Cust4847,No
Cust4848,No
Cust4849,No
Cust4850,No
Cust4851,No
Cust4852,No
Cust4853,Yes
Cust4854,Yes
Cust4855,No
Cust4856,No
Cust4857,No
Cust4858,No
Cust4859,Yes
Cust4860,No
Cust4861,Yes
Cust4862,Yes
Cust4863,Yes
Cust4864,No
Cust4865,Yes
Cust4866,Yes
Cust4867,No
Cust4868,No
Cust4869,No
Cust4870,Yes
Cust4871,Yes
Cust4872,No
Cust4873,No
Cust4874,No
Cust4875,Yes
Cust4876,Yes
Cust4877,Yes
Cust4878,No
Cust4879,Yes
Cust4880,No
Cust4881,No
Cust4882,No
Cust4883,No
Cust4884,Yes
Cust4885,No
Cust4886,Yes
Cust4887,No
Cust4888,No
Cust4889,Yes
Cust4890,No
Cust4891,No
Cust4892,No
Cust4893,No
Cust4894,No
Cust4895,Yes
Cust4896,No
Cust4897,No
Cust4898,Yes
Cust4899,No
Cust4900,Yes
Cust4901,No
Cust4902,No
Cust4903,No
Cust4904,No
Cust4905,No
Cust4906,No
Cust4907,No
Cust4908,Yes
Cust4909,No
Cust4910,Yes
Cust4911,No
Cust4912,No
Cust4913,No
Cust4914,No
Cust4915,No
Cust4916,No
Cust4917,No
Cust4918,No
Cust4919,No
Cust4920,No
Cust4921,Yes
Cust4922,No
Cust4923,No
Cust4924,Yes
Cust4925,No
Cust4926,No
Cust4927,No
Cust4928,Yes
Cust4929,Yes
Cust4930,Yes
Cust4931,No
Cust4932,No
Cust4933,Yes
Cust4934,No
Cust4935,No
Cust4936,Yes
Cust4937,Yes
Cust4938,No
Cust4939,No
Cust4940,No
Cust4941,Yes
Cust4942,No
Cust4943,No
Cust4944,No
Cust4945,No
Cust4946,Yes
Cust4947,No
Cust4948,No
Cust4949,Yes
Cust4950,No
Cust4951,No
Cust4952,No
Cust4953,Yes
Cust4954,Yes
Cust4955,No
Cust4956,No
Cust4957,No
Cust4958,No
Cust4959,Yes
Cust4960,Yes
Cust4961,No
Cust4962,No
Cust4963,No
Cust4964,No
Cust4965,No
Cust4966,No
Cust4967,No
Cust4968,No
Cust4969,No
Cust4970,No
Cust4971,No
Cust4972,No
Cust4973,No
Cust4974,No
Cust4975,No
Cust4976,No
Cust4977,No
Cust4978,No
Cust4979,No
Cust4980,No
Cust4981,No
Cust4982,No
Cust4983,No
Cust4984,Yes
Cust4985,No
Cust4986,No
Cust4987,No
Cust4988,No
Cust4989,No
Cust4990,Yes
Cust4991,No
Cust4992,No
Cust4993,No
Cust4994,No
Cust4995,No
Cust4996,No
Cust4997,No
Cust4998,No
Cust4999,Yes
Cust5000,No
Cust5001,Yes
Cust5002,No
Cust5003,Yes
Cust5004,No
Cust5005,No
Cust5006,No
Cust5007,No
Cust5008,No
Cust5009,No
Cust5010,No
Cust5011,No
Cust5012,No
Cust5013,Yes
Cust5014,Yes
Cust5015,No
Cust5016,No
Cust5017,Yes
Cust5018,No
Cust5019,No
Cust5020,No
Cust5021,No
Cust5022,No
Cust5023,No
Cust5024,No
Cust5025,No
Cust5026,No
Cust5027,No
Cust5028,No
Cust5029,Yes
Cust5030,No
Cust5031,No
Cust5032,No
Cust5033,No
Cust5034,Yes
Cust5035,No
Cust5036,No
Cust5037,Yes
Cust5038,No
Cust5039,Yes
Cust5040,No
Cust5041,Yes
Cust5042,No
Cust5043,No
Cust5044,No
Cust5045,Yes
Cust5046,No
Cust5047,Yes
Cust5048,No
Cust5049,No
Cust5050,No
Cust5051,Yes
Cust5052,No
Cust5053,No
Cust5054,No
Cust5055,No
Cust5056,No
Cust5057,No
Cust5058,No
Cust5059,No
Cust5060,No
Cust5061,Yes
Cust5062,No
Cust5063,Yes
Cust5064,Yes
Cust5065,No
Cust5066,Yes
Cust5067,Yes
Cust5068,No
Cust5069,No
Cust5070,No
Cust5071,No
Cust5072,No
Cust5073,Yes
Cust5074,Yes
Cust5075,No
Cust5076,Yes
Cust5077,Yes
Cust5078,No
Cust5079,No
Cust5080,Yes
Cust5081,No
Cust5082,No
Cust5083,Yes
Cust5084,No
Cust5085,No
Cust5086,No
Cust5087,Yes
Cust5088,No
Cust5089,No
Cust5090,No
Cust5091,No
Cust5092,No
Cust5093,No
Cust5094,No
Cust5095,No
Cust5096,No
Cust5097,No
Cust5098,No
Cust5099,Yes
Cust5100,No
Cust5101,No
Cust5102,No
Cust5103,No
Cust5104,No
Cust5105,No
Cust5106,No
Cust5107,No
Cust5108,No
Cust5109,No
Cust5110,Yes
Cust5111,Yes
Cust5112,No
Cust5113,No
Cust5114,No
Cust5115,No
Cust5116,No
Cust5117,No
Cust5118,Yes
Cust5119,No
Cust5120,No
Cust5121,No
Cust5122,No
Cust5123,Yes
Cust5124,Yes
Cust5125,No
Cust5126,No
Cust5127,No
Cust5128,No
Cust5129,No
Cust5130,Yes
Cust5131,No
Cust5132,No
Cust5133,No
Cust5134,No
Cust5135,Yes
Cust5136,No
Cust5137,No
Cust5138,No
Cust5139,Yes
Cust5140,No
Cust5141,No
Cust5142,No
Cust5143,Yes
Cust5144,Yes
Cust5145,No
Cust5146,No
Cust5147,No
Cust5148,Yes
Cust5149,Yes
Cust5150,No
Cust5151,No
Cust5152,No
Cust5153,No
Cust5154,No
Cust5155,No
Cust5156,Yes
Cust5157,No
Cust5158,No
Cust5159,No
Cust5160,No
Cust5161,No
Cust5162,No
Cust5163,No
Cust5164,Yes
Cust5165,Yes
Cust5166,Yes
Cust5167,No
Cust5168,No
Cust5169,No
Cust5170,No
Cust5171,No
Cust5172,No
Cust5173,Yes
Cust5174,No
Cust5175,No
Cust5176,No
Cust5177,Yes
Cust5178,No
Cust5179,Yes
Cust5180,No
Cust5181,No
Cust5182,No
Cust5183,No
Cust5184,No
Cust5185,No
Cust5186,No
Cust5187,No
Cust5188,No
Cust5189,Yes
Cust5190,No
Cust5191,Yes
Cust5192,No
Cust5193,No
Cust5194,No
Cust5195,No
Cust5196,No
Cust5197,Yes
Cust5198,No
Cust5199,No
Cust5200,Yes
Cust5201,No
Cust5202,No
Cust5203,No
Cust5204,Yes
Cust5205,No
Cust5206,Yes
Cust5207,No
Cust5208,No
Cust5209,No
Cust5210,No
Cust5211,No
Cust5212,No
Cust5213,No
Cust5214,No
Cust5215,Yes
Cust5216,Yes
Cust5217,No
Cust5218,Yes
Cust5219,No
Cust5220,Yes
Cust5221,Yes
Cust5222,No
Cust5223,No
Cust5224,Yes
Cust5225,No
Cust5226,No
Cust5227,No
Cust5228,No
Cust5229,No
Cust5230,No
Cust5231,No
Cust5232,No
Cust5233,No
Cust5234,Yes
Cust5235,No
Cust5236,No
Cust5237,No
Cust5238,No
Cust5239,No
Cust5240,Yes
Cust5241,No
Cust5242,No
Cust5243,No
Cust5244,Yes
Cust5245,No
Cust5246,No
Cust5247,No
Cust5248,No
Cust5249,Yes
Cust5250,No
Cust5251,No
Cust5252,No
Cust5253,No
Cust5254,No
Cust5255,No
Cust5256,No
Cust5257,Yes
Cust5258,Yes
Cust5259,No
Cust5260,No
Cust5261,No
Cust5262,No
Cust5263,No
Cust5264,No
Cust5265,No
Cust5266,No
Cust5267,No
Cust5268,Yes
Cust5269,No
Cust5270,No
Cust5271,No
Cust5272,No
Cust5273,No
Cust5274,No
Cust5275,No
Cust5276,No
Cust5277,No
Cust5278,Yes
Cust5279,No
Cust5280,No
Cust5281,No
Cust5282,No
Cust5283,No
Cust5284,No
Cust5285,No
Cust5286,Yes
Cust5287,No
Cust5288,No
Cust5289,No
Cust5290,No
Cust5291,No
Cust5292,No
Cust5293,Yes
Cust5294,No
Cust5295,No
Cust5296,No
Cust5297,No
Cust5298,Yes
Cust5299,No
Cust5300,No
Cust5301,No
Cust5302,Yes
Cust5303,No
Cust5304,No
Cust5305,No
Cust5306,No
Cust5307,Yes
Cust5308,No
Cust5309,No
Cust5310,No
Cust5311,Yes
Cust5312,Yes
Cust5313,Yes
Cust5314,No
Cust5315,No
Cust5316,No
Cust5317,No
Cust5318,No
Cust5319,No
Cust5320,No
Cust5321,No
Cust5322,No
Cust5323,No
Cust5324,No
Cust5325,Yes
Cust5326,Yes
Cust5327,Yes
Cust5328,No
Cust5329,No
Cust5330,No
Cust5331,No
Cust5332,No
Cust5333,No
Cust5334,Yes
Cust5335,No
Cust5336,Yes
Cust5337,No
Cust5338,Yes
Cust5339,Yes
Cust5340,No
Cust5341,No
Cust5342,Yes
Cust5343,Yes
Cust5344,No
Cust5345,No
Cust5346,No
Cust5347,Yes
Cust5348,No
Cust5349,No
Cust5350,No
Cust5351,No
Cust5352,No
Cust5353,No
Cust5354,No
Cust5355,No
Cust5356,No
Cust5357,Yes
Cust5358,No
Cust5359,No
Cust5360,Yes
Cust5361,Yes
Cust5362,No
Cust5363,No
Cust5364,No
Cust5365,No
Cust5366,No
Cust5367,No
Cust5368,No
Cust5369,No
Cust5370,Yes
Cust5371,No
Cust5372,No
Cust5373,No
Cust5374,No
Cust5375,No
Cust5376,No
Cust5377,Yes
Cust5378,No
Cust5379,No
Cust5380,No
Cust5381,Yes
Cust5382,No
Cust5383,No
Cust5384,No
Cust5385,Yes
Cust5386,No
Cust5387,No
Cust5388,No
Cust5389,No
Cust5390,No
Cust5391,No
Cust5392,Yes
Cust5393,No
Cust5394,Yes
Cust5395,No
Cust5396,Yes
Cust5397,No
Cust5398,No
Cust5399,Yes
Cust5400,No
Cust5401,Yes
Cust5402,No
Cust5403,Yes
Cust5404,No
Cust5405,No
Cust5406,No
Cust5407,No
Cust5408,No
Cust5409,No
Cust5410,No
Cust5411,No
Cust5412,Yes
Cust5413,Yes
Cust5414,No
Cust5415,No
Cust5416,No
Cust5417,No
Cust5418,No
Cust5419,No
Cust5420,Yes
Cust5421,No
Cust5422,No
Cust5423,No
Cust5424,No
Cust5425,No
Cust5426,Yes
Cust5427,No
Cust5428,No
Cust5429,No
Cust5430,No
Cust5431,No
Cust5432,No
Cust5433,Yes
Cust5434,Yes
Cust5435,No
Cust5436,No
Cust5437,Yes
Cust5438,No
Cust5439,Yes
Cust5440,No
Cust5441,No
Cust5442,No
Cust5443,No
Cust5444,No
Cust5445,No
Cust5446,No
Cust5447,Yes
Cust5448,Yes
Cust5449,Yes
Cust5450,No
Cust5451,No
Cust5452,No
Cust5453,No
Cust5454,Yes
Cust5455,Yes
Cust5456,No
Cust5457,No
Cust5458,No
Cust5459,No
Cust5460,No
Cust5461,Yes
Cust5462,Yes
Cust5463,No
Cust5464,No
Cust5465,Yes
Cust5466,No
Cust5467,Yes
Cust5468,No
Cust5469,No
Cust5470,No
Cust5471,No
Cust5472,Yes
Cust5473,No
Cust5474,Yes
Cust5475,No
Cust5476,No
Cust5477,No
Cust5478,No
Cust5479,No
Cust5480,No
Cust5481,No
Cust5482,No
Cust5483,No
Cust5484,No
Cust5485,Yes
Cust5486,No
Cust5487,No
Cust5488,No
Cust5489,No
Cust5490,No
Cust5491,Yes
Cust5492,No
Cust5493,Yes
Cust5494,No
Cust5495,No
Cust5496,No
Cust5497,No
Cust5498,No
Cust5499,No
Cust5500,No
Cust5501,No
Cust5502,No
Cust5503,No
Cust5504,No
Cust5505,No
Cust5506,No
Cust5507,Yes
Cust5508,Yes
Cust5509,No
Cust5510,No
Cust5511,No
Cust5512,No
Cust5513,Yes
Cust5514,No
Cust5515,No
Cust5516,No
Cust5517,Yes
Cust5518,No
Cust5519,No
Cust5520,No
Cust5521,No
Cust5522,No
Cust5523,Yes
Cust5524,Yes
Cust5525,No
Cust5526,Yes
Cust5527,Yes
Cust5528,Yes
Cust5529,Yes
Cust5530,No
Cust5531,No
Cust5532,No
Cust5533,Yes
Cust5534,Yes
Cust5535,Yes
Cust5536,No
Cust5537,No
Cust5538,No
Cust5539,No
Cust5540,Yes
Cust5541,No
Cust5542,No
Cust5543,No
Cust5544,No
Cust5545,No
Cust5546,Yes
Cust5547,No
Cust5548,No
Cust5549,No
Cust5550,No
Cust5551,No
Cust5552,No
Cust5553,Yes
Cust5554,Yes
Cust5555,Yes
Cust5556,Yes
Cust5557,Yes
Cust5558,No
Cust5559,Yes
Cust5560,Yes
Cust5561,No
Cust5562,No
Cust5563,No
Cust5564,No
Cust5565,No
Cust5566,No
Cust5567,Yes
Cust5568,No
Cust5569,No
Cust5570,Yes
Cust5571,Yes
Cust5572,No
Cust5573,Yes
Cust5574,No
Cust5575,Yes
Cust5576,Yes
Cust5577,No
Cust5578,Yes
Cust5579,Yes
Cust5580,No
Cust5581,No
Cust5582,Yes
Cust5583,Yes
Cust5584,No
Cust5585,No
Cust5586,Yes
Cust5587,No
Cust5588,No
Cust5589,No
Cust5590,No
Cust5591,Yes
Cust5592,No
Cust5593,No
Cust5594,Yes
Cust5595,No
Cust5596,No
Cust5597,Yes
Cust5598,No
Cust5599,No
Cust5600,No
Cust5601,No
Cust5602,Yes
Cust5603,No
Cust5604,No
Cust5605,Yes
Cust5606,Yes
Cust5607,No
Cust5608,Yes
Cust5609,Yes
Cust5610,No
Cust5611,Yes
Cust5612,No
Cust5613,No
Cust5614,No
Cust5615,No
Cust5616,No
Cust5617,No
Cust5618,No
Cust5619,No
Cust5620,No
Cust5621,No
Cust5622,No
Cust5623,No
Cust5624,No
Cust5625,Yes
Cust5626,No
Cust5627,No
Cust5628,No
Cust5629,No
Cust5630,No
Cust5631,Yes
Cust5632,No
Cust5633,Yes
Cust5634,No
Cust5635,No
Cust5636,Yes
Cust5637,No
Cust5638,No
Cust5639,No
Cust5640,No
Cust5641,No
Cust5642,No
Cust5643,Yes
Cust5644,No
Cust5645,No
Cust5646,Yes
Cust5647,No
Cust5648,No
Cust5649,Yes
Cust5650,No
Cust5651,No
Cust5652,No
Cust5653,No
Cust5654,No
Cust5655,Yes
Cust5656,No
Cust5657,No
Cust5658,Yes
Cust5659,No
Cust5660,Yes
Cust5661,No
Cust5662,No
Cust5663,No
Cust5664,No
Cust5665,No
Cust5666,No
Cust5667,Yes
Cust5668,No
Cust5669,No
Cust5670,Yes
Cust5671,No
Cust5672,No
Cust5673,Yes
Cust5674,Yes
Cust5675,No
Cust5676,No
Cust5677,Yes
Cust5678,Yes
Cust5679,No
Cust5680,Yes
Cust5681,Yes
Cust5682,Yes
Cust5683,No
Cust5684,No
Cust5685,No
Cust5686,No
Cust5687,Yes
Cust5688,Yes
Cust5689,No
Cust5690,No
Cust5691,No
Cust5692,Yes
Cust5693,No
Cust5694,Yes
Cust5695,Yes
Cust5696,Yes
Cust5697,Yes
Cust5698,No
Cust5699,No
Cust5700,Yes
Cust5701,No
Cust5702,No
Cust5703,No
Cust5704,Yes
Cust5705,No
Cust5706,No
Cust5707,No
Cust5708,Yes
Cust5709,No
Cust5710,No
Cust5711,No
Cust5712,Yes
Cust5713,No
Cust5714,No
Cust5715,No
Cust5716,No
Cust5717,No
Cust5718,No
Cust5719,No
Cust5720,No
Cust5721,No
Cust5722,No
Cust5723,No
Cust5724,No
Cust5725,No
Cust5726,No
Cust5727,No
Cust5728,No
Cust5729,No
Cust5730,Yes
Cust5731,No
Cust5732,No
Cust5733,No
Cust5734,No
Cust5735,No
Cust5736,No
Cust5737,No
Cust5738,No
Cust5739,No
Cust5740,Yes
Cust5741,No
Cust5742,No
Cust5743,No
Cust5744,No
Cust5745,No
Cust5746,No
Cust5747,No
Cust5748,No
Cust5749,No
Cust5750,No
Cust5751,No
Cust5752,No
Cust5753,No
Cust5754,No
Cust5755,Yes
Cust5756,No
Cust5757,No
Cust5758,Yes
Cust5759,No
Cust5760,No
Cust5761,No
Cust5762,No
Cust5763,No
Cust5764,No
Cust5765,No
Cust5766,Yes
Cust5767,No
Cust5768,No
Cust5769,No
Cust5770,Yes
Cust5771,No
Cust5772,Yes
Cust5773,Yes
Cust5774,No
Cust5775,No
Cust5776,Yes
Cust5777,No
Cust5778,No
Cust5779,No
Cust5780,No
Cust5781,No
Cust5782,No
Cust5783,Yes
Cust5784,Yes
Cust5785,No
Cust5786,Yes
Cust5787,No
Cust5788,No
Cust5789,No
Cust5790,Yes
Cust5791,Yes
Cust5792,No
Cust5793,No
Cust5794,No
Cust5795,No
Cust5796,No
Cust5797,No
Cust5798,No
Cust5799,No
Cust5800,Yes
Cust5801,No
Cust5802,No
Cust5803,Yes
Cust5804,No
Cust5805,No
Cust5806,No
Cust5807,No
Cust5808,No
Cust5809,Yes
Cust5810,Yes
Cust5811,Yes
Cust5812,No
Cust5813,No
Cust5814,No
Cust5815,No
Cust5816,No
Cust5817,Yes
Cust5818,No
Cust5819,Yes
Cust5820,No
Cust5821,Yes
Cust5822,Yes
Cust5823,No
Cust5824,No
Cust5825,No
Cust5826,No
Cust5827,No
Cust5828,Yes
Cust5829,No
Cust5830,No
Cust5831,No
Cust5832,No
Cust5833,No
Cust5834,No
Cust5835,No
Cust5836,No
Cust5837,No
Cust5838,No
Cust5839,No
Cust5840,No
Cust5841,Yes
Cust5842,No
Cust5843,No
Cust5844,No
Cust5845,Yes
Cust5846,No
Cust5847,No
Cust5848,Yes
Cust5849,Yes
Cust5850,Yes
Cust5851,No
Cust5852,Yes
Cust5853,No
Cust5854,No
Cust5855,No
Cust5856,Yes
Cust5857,No
Cust5858,No
Cust5859,Yes
Cust5860,Yes
Cust5861,No
Cust5862,No
Cust5863,No
Cust5864,Yes
Cust5865,No
Cust5866,Yes
Cust5867,Yes
Cust5868,No
Cust5869,No
Cust5870,No
Cust5871,No
Cust5872,No
Cust5873,No
Cust5874,No
Cust5875,No
Cust5876,No
Cust5877,Yes
Cust5878,No
Cust5879,No
Cust5880,No
Cust5881,No
Cust5882,No
Cust5883,No
Cust5884,No
Cust5885,No
Cust5886,No
Cust5887,Yes
Cust5888,Yes
Cust5889,Yes
Cust5890,No
Cust5891,Yes
Cust5892,No
Cust5893,No
Cust5894,No
Cust5895,No
Cust5896,No
Cust5897,No
Cust5898,Yes
Cust5899,No
Cust5900,No
Cust5901,Yes
Cust5902,No
Cust5903,Yes
Cust5904,No
Cust5905,No
Cust5906,No
Cust5907,No
Cust5908,No
Cust5909,Yes
Cust5910,Yes
Cust5911,No
Cust5912,Yes
Cust5913,Yes
Cust5914,No
Cust5915,No
Cust5916,No
Cust5917,Yes
Cust5918,No
Cust5919,No
Cust5920,No
Cust5921,No
Cust5922,No
Cust5923,Yes
Cust5924,Yes
Cust5925,No
Cust5926,No
Cust5927,No
Cust5928,No
Cust5929,No
Cust5930,No
Cust5931,No
Cust5932,No
Cust5933,No
Cust5934,No
Cust5935,No
Cust5936,No
Cust5937,No
Cust5938,No
Cust5939,No
Cust5940,No
Cust5941,No
Cust5942,No
Cust5943,No
Cust5944,No
Cust5945,No
Cust5946,Yes
Cust5947,No
Cust5948,No
Cust5949,Yes
Cust5950,No
Cust5951,No
Cust5952,No
Cust5953,No
Cust5954,No
Cust5955,Yes
Cust5956,No
Cust5957,No
Cust5958,Yes
Cust5959,No
Cust5960,No
Cust5961,No
Cust5962,No
Cust5963,Yes
Cust5964,No
Cust5965,Yes
Cust5966,Yes
Cust5967,No
Cust5968,No
Cust5969,Yes
Cust5970,Yes
Cust5971,No
Cust5972,No
Cust5973,No
Cust5974,No
Cust5975,No
Cust5976,No
Cust5977,No
Cust5978,No
Cust5979,No
Cust5980,No
Cust5981,Yes
Cust5982,No
Cust5983,Yes
Cust5984,No
Cust5985,No
Cust5986,Yes
Cust5987,No
Cust5988,Yes
Cust5989,No
Cust5990,No
Cust5991,No
Cust5992,Yes
Cust5993,Yes
Cust5994,No
Cust5995,No
Cust5996,Yes
Cust5997,No
Cust5998,No
Cust5999,Yes
Cust6000,No
Cust6001,No
Cust6002,No
Cust6003,No
Cust6004,No
Cust6005,No
Cust6006,No
Cust6007,No
Cust6008,No
Cust6009,No
Cust6010,Yes
Cust6011,Yes
Cust6012,No
Cust6013,No
Cust6014,No
Cust6015,No
Cust6016,No
Cust6017,Yes
Cust6018,No
Cust6019,Yes
Cust6020,No
Cust6021,No
Cust6022,No
Cust6023,No
Cust6024,No
Cust6025,No
Cust6026,Yes
Cust6027,Yes
Cust6028,No
Cust6029,No
Cust6030,No
Cust6031,No
Cust6032,No
Cust6033,No
Cust6034,Yes
Cust6035,Yes
Cust6036,Yes
Cust6037,No
Cust6038,Yes
Cust6039,No
Cust6040,No
Cust6041,No
Cust6042,No
Cust6043,No
Cust6044,No
Cust6045,No
Cust6046,No
Cust6047,No
Cust6048,No
Cust6049,No
Cust6050,Yes
Cust6051,No
Cust6052,No
Cust6053,No
Cust6054,No
Cust6055,No
Cust6056,Yes
Cust6057,Yes
Cust6058,No
Cust6059,No
Cust6060,No
Cust6061,No
Cust6062,No
Cust6063,Yes
Cust6064,No
Cust6065,No
Cust6066,No
Cust6067,No
Cust6068,No
Cust6069,No
Cust6070,No
Cust6071,No
Cust6072,No
Cust6073,No
Cust6074,No
Cust6075,No
Cust6076,Yes
Cust6077,No
Cust6078,No
Cust6079,No
Cust6080,No
Cust6081,No
Cust6082,No
Cust6083,No
Cust6084,Yes
Cust6085,Yes
Cust6086,No
Cust6087,No
Cust6088,No
Cust6089,No
Cust6090,No
Cust6091,No
Cust6092,No
Cust6093,Yes
Cust6094,No
Cust6095,No
Cust6096,Yes
Cust6097,No
Cust6098,No
Cust6099,No
Cust6100,No
Cust6101,No
Cust6102,No
Cust6103,No
Cust6104,No
Cust6105,No
Cust6106,No
Cust6107,Yes
Cust6108,No
Cust6109,Yes
Cust6110,Yes
Cust6111,Yes
Cust6112,No
Cust6113,No
Cust6114,No
Cust6115,Yes
Cust6116,Yes
Cust6117,Yes
Cust6118,No
Cust6119,No
Cust6120,Yes
Cust6121,Yes
Cust6122,No
Cust6123,No
Cust6124,No
Cust6125,No
Cust6126,Yes
Cust6127,No
Cust6128,No
Cust6129,No
Cust6130,No
Cust6131,No
Cust6132,Yes
Cust6133,No
Cust6134,No
Cust6135,No
Cust6136,Yes
Cust6137,Yes
Cust6138,Yes
Cust6139,No
Cust6140,No
Cust6141,Yes
Cust6142,No
Cust6143,No
Cust6144,Yes
Cust6145,Yes
Cust6146,Yes
Cust6147,Yes
Cust6148,Yes
Cust6149,Yes
Cust6150,Yes
Cust6151,No
Cust6152,Yes
Cust6153,No
Cust6154,No
Cust6155,No
Cust6156,No
Cust6157,No
Cust6158,No
Cust6159,No
Cust6160,No
Cust6161,No
Cust6162,No
Cust6163,No
Cust6164,No
Cust6165,No
Cust6166,No
Cust6167,No
Cust6168,Yes
Cust6169,No
Cust6170,No
Cust6171,No
Cust6172,Yes
Cust6173,No
Cust6174,No
Cust6175,No
Cust6176,No
Cust6177,No
Cust6178,No
Cust6179,No
Cust6180,No
Cust6181,No
Cust6182,No
Cust6183,No
Cust6184,No
Cust6185,No
Cust6186,No
Cust6187,No
Cust6188,No
Cust6189,No
Cust6190,Yes
Cust6191,No
Cust6192,No
Cust6193,No
Cust6194,No
Cust6195,No
Cust6196,No
Cust6197,No
Cust6198,Yes
Cust6199,No
Cust6200,No
Cust6201,Yes
Cust6202,No
Cust6203,Yes
Cust6204,Yes
Cust6205,No
Cust6206,No
Cust6207,No
Cust6208,No
Cust6209,No
Cust6210,No
Cust6211,No
Cust6212,Yes
Cust6213,No
Cust6214,Yes
Cust6215,Yes
Cust6216,No
Cust6217,No
Cust6218,No
Cust6219,No
Cust6220,No
Cust6221,Yes
Cust6222,Yes
Cust6223,No
Cust6224,No
Cust6225,No
Cust6226,No
Cust6227,Yes
Cust6228,No
Cust6229,No
Cust6230,Yes
Cust6231,Yes
Cust6232,Yes
Cust6233,No
Cust6234,No
Cust6235,No
Cust6236,No
Cust6237,No
Cust6238,No
Cust6239,No
Cust6240,No
Cust6241,No
Cust6242,No
Cust6243,Yes
Cust6244,No
Cust6245,No
Cust6246,No
Cust6247,No
Cust6248,No
Cust6249,No
Cust6250,No
Cust6251,No
Cust6252,No
Cust6253,No
Cust6254,No
Cust6255,Yes
Cust6256,No
Cust6257,Yes
Cust6258,No
Cust6259,No
Cust6260,No
Cust6261,No
Cust6262,No
Cust6263,No
Cust6264,No
Cust6265,No
Cust6266,No
Cust6267,No
Cust6268,Yes
Cust6269,No
Cust6270,No
Cust6271,No
Cust6272,No
Cust6273,Yes
Cust6274,No
Cust6275,No
Cust6276,No
Cust6277,No
Cust6278,No
Cust6279,No
Cust6280,No
Cust6281,Yes
Cust6282,No
Cust6283,Yes
Cust6284,No
Cust6285,No
Cust6286,No
Cust6287,No
Cust6288,No
Cust6289,Yes
Cust6290,No
Cust6291,No
Cust6292,No
Cust6293,Yes
Cust6294,Yes
Cust6295,No
Cust6296,No
Cust6297,No
Cust6298,No
Cust6299,No
Cust6300,No
Cust6301,No
Cust6302,Yes
Cust6303,No
Cust6304,No
Cust6305,No
Cust6306,No
Cust6307,No
Cust6308,No
Cust6309,No
Cust6310,No
Cust6311,No
Cust6312,No
Cust6313,No
Cust6314,No
Cust6315,No
Cust6316,No
Cust6317,No
Cust6318,Yes
Cust6319,No
Cust6320,No
Cust6321,No
Cust6322,Yes
Cust6323,No
Cust6324,No
Cust6325,No
Cust6326,Yes
Cust6327,No
Cust6328,No
Cust6329,No
Cust6330,No
Cust6331,Yes
Cust6332,No
Cust6333,No
Cust6334,Yes
Cust6335,No
Cust6336,Yes
Cust6337,No
Cust6338,No
Cust6339,No
Cust6340,No
Cust6341,No
Cust6342,No
Cust6343,No
Cust6344,No
Cust6345,No
Cust6346,No
Cust6347,No
Cust6348,No
Cust6349,No
Cust6350,No
Cust6351,No
Cust6352,Yes
Cust6353,No
Cust6354,No
Cust6355,No
Cust6356,No
Cust6357,No
Cust6358,No
Cust6359,No
Cust6360,No
Cust6361,No
Cust6362,Yes
Cust6363,No
Cust6364,No
Cust6365,No
Cust6366,No
Cust6367,Yes
Cust6368,No
Cust6369,No
Cust6370,No
Cust6371,No
Cust6372,No
Cust6373,No
Cust6374,No
Cust6375,No
Cust6376,No
Cust6377,No
Cust6378,No
Cust6379,No
Cust6380,No
Cust6381,No
Cust6382,No
Cust6383,No
Cust6384,No
Cust6385,No
Cust6386,No
Cust6387,Yes
Cust6388,No
Cust6389,No
Cust6390,No
Cust6391,No
Cust6392,No
Cust6393,Yes
Cust6394,No
Cust6395,Yes
Cust6396,No
Cust6397,No
Cust6398,No
Cust6399,Yes
Cust6400,No
Cust6401,No
Cust6402,No
Cust6403,No
Cust6404,No
Cust6405,No
Cust6406,No
Cust6407,No
Cust6408,No
Cust6409,No
Cust6410,No
Cust6411,No
Cust6412,Yes
Cust6413,Yes
Cust6414,No
Cust6415,Yes
Cust6416,No
Cust6417,No
Cust6418,Yes
Cust6419,No
Cust6420,No
Cust6421,No
Cust6422,No
Cust6423,No
Cust6424,Yes
Cust6425,No
Cust6426,No
Cust6427,No
Cust6428,No
Cust6429,No
Cust6430,Yes
Cust6431,No
Cust6432,No
Cust6433,Yes
Cust6434,No
Cust6435,No
Cust6436,No
Cust6437,No
Cust6438,No
Cust6439,No
Cust6440,Yes
Cust6441,No
Cust6442,No
Cust6443,No
Cust6444,No
Cust6445,No
Cust6446,No
Cust6447,No
Cust6448,Yes
Cust6449,No
Cust6450,No
Cust6451,No
Cust6452,No
Cust6453,No
Cust6454,No
Cust6455,No
Cust6456,No
Cust6457,No
Cust6458,No
Cust6459,Yes
Cust6460,No
Cust6461,No
Cust6462,No
Cust6463,No
Cust6464,No
Cust6465,No
Cust6466,No
Cust6467,Yes
Cust6468,No
Cust6469,No
Cust6470,No
Cust6471,No
Cust6472,No
Cust6473,No
Cust6474,No
Cust6475,No
Cust6476,No
Cust6477,No
Cust6478,No
Cust6479,No
Cust6480,No
Cust6481,No
Cust6482,No
Cust6483,No
Cust6484,Yes
Cust6485,No
Cust6486,No
Cust6487,Yes
Cust6488,No
Cust6489,No
Cust6490,Yes
Cust6491,No
Cust6492,No
Cust6493,No
Cust6494,No
Cust6495,No
Cust6496,No
Cust6497,No
Cust6498,Yes
